name,city,country
"Weltcup, Wien 1990",Wien,
"Weltcup, Madonna di Campiglio 1990",Madonna di Campiglio,
"Weltcup, Berkeley 1990",Berkeley,
"Weltcup, Nürnberg 1990",Nürnberg,
"Weltcup, Lyon 1990",Lyon,
"Weltcup, Barcelona 1990",Barcelona,
IFSC Pan Am - Pre Qualifying event (C) - Los Angeles (USA) 2020,Los Angeles,USA
International Climbing Series - Studio Bloc Masters - Pfungstadt (GER) 2020,Pfungstadt,GER
Promo Event - Delfts Bleau International Youth Open - Delft (NED) 2020 - POSTPONED,Delft,NED
International Climbing Series - FISE World Series - Hiroshima (JPN) 2020 - POSTPONED,Hiroshima,JPN
International Climbing Series - Triglav The Rock - Ljubljana (SLO) 2020,Ljubljana,SLO
"Promo Event - Youth Petzen Climbing Trophy (L, S, B) - Petzen (AUT) 2020",Petzen,AUT
IFSC Connected Speed Knockout presented by Japan Airlines,,
FISU World University Championships - Torino (ITA) 2020 - CANCELLED,Torino,ITA
"Weltcup, Open, Wien 1990",Wien,
"Weltcup, Open, Madonna di Campiglio 1990",Madonna di Campiglio,
"Weltcup, Open, Berkeley 1990",Berkeley,
"Weltcup, Open, Nürnberg 1990",Nürnberg,
"Weltcup, Open, Lyon 1990",Lyon,
"Weltcup, Open, Barcelona 1990",Barcelona,
UIAA Worldcup - Wien 1991,Wien,
UIAA Worldcup - Clusone 1991,Clusone,
UIAA Worldcup - Innsbruck 1991,Innsbruck,
UIAA World Championship - Frankfurt 1991,Frankfurt,
UIAA Worldcup - Tokio 1991,Tokio,
UIAA Worldcup - Nürnberg 1991,Nürnberg,
UIAA Worldcup - Birmingham 1991,Birmingham,
"IFSC Europe - Continental Cup (L,S) - Belgrad (SRB) 2020 - CANCELLED",Belgrad,SRB
IFSC Europe - Continental Cup - Voronezh (RUS) - CANCELLED,Voronezh,RUS
Olympic Games -  Sport Climbing combined event -Tokyo (JPN) 2020,combined event -Tokyo,JPN
IFSC - Paraclimbing World Cup - Innsbruck (AUT) 2020 - POSTPONED,Innsbruck,AUT
"IFSC Youth - World Championships (B,S,L) - Voronezh (RUS) 2020 - CANCELLED",Voronezh,RUS
IFSC Pan Am - Continental Championships (C) - Los Angeles (USA) 2020,Los Angeles,USA
IFSC - Climbing World Cup (L) - Briançon (FRA) 2020,Briançon,FRA
"IFSC Europe - Continental Championships (B,S,L,C) - Moscow (RUS) 2020",Moscow,RUS
IFSC Africa - Continental Championships (C) - Cape Town (RSA) 2020,Cape Town,RSA
IFSC Oceania - Continental Championships (C) - Sydney (AUS) 2020,Sydney,AUS
IFSC Europe - Continental Youth Cup (L) - Augsburg (GER) 2020,Augsburg,GER
"IFSC Europe - Continental Youth Championships (B,L,S) - Perm (RUS) 2020 - POSTPONED",Perm,RUS
IFSC Europe - Continental Youth Cup (B) - Soure (POR) 2020 - CANCELLED,Soure,POR
IFSC Europe - Continental Youth Cup (S) - Tarnow (POL),Tarnow,POL
"Weltcup Open, Wien 1991",Wien,
"Weltcup Open, Clusone 1991",Clusone,
"Weltcup Open, Innsbruck 1991",Innsbruck,
"Weltcup Open, Tokio 1991",Tokio,
"Weltcup Open, Nürnberg 1991",Nürnberg,
"Weltcup Open, Birmingham 1991",Birmingham,
UIAA Worldcup - Zürich 1992,Zürich,
UIAA Worldcup - Kobe 1992,Kobe,
UIAA Worldcup - Nürnberg 1992,Nürnberg,
UIAA Worldcup - St. Pölten 1992,St. Pölten,
UIAA Worldcup - Laval 1992,Laval,
UIAA Worldcup - Birmingham 1992,Birmingham,
UIAA European Championship - Frankfurt 1992,Frankfurt,
UIAA Youth Worldchampionship - Basel 1992,Basel,
Masters Chambery 1992,,
Masters Serre Chevalier 1992,,
UIAA Masters - Rock Masters Arco 1992,Arco,
UIAA Worldcup - Frankfurt 1993,Frankfurt,
UIAA World Championship - Innsbruck 1993,Innsbruck,
UIAA Worldcup - Zürich 1993,Zürich,
UIAA Worldcup - Toulon 1993,Toulon,
UIAA Worldcup - Black See 1993,Black See,
UIAA Worldcup - Nürnberg 1993,Nürnberg,
UIAA Worldcup - Laval 1993,Laval,
Jeux de Pyrinae - Ainsa 1993,Ainsa,
Masters Serre-Chevalier 1993,,
UIAA Masters - Rock Masters Arco 1993,Arco,
UIAA Worldcup - Villach 1994,Villach,
UIAA Worldcup - Moscow 1994,Moscow,
UIAA Worldcup - Aix-les-Bains 1994,Aix-les-Bains,
UIAA Worldcup - Birmingham 1994,Birmingham,
UIAA Youth Worldchampionship - Leipzig 1994,Leipzig,
UIAA Masters - Serre Chevalier 1994,Serre Chevalier,
UIAA Masters - L'Argentiere 1994,L'Argentiere,
UIAA Masters - Rock Masters Arco 1994,Arco,
UIAA Worldcup - Frankfurt 1995,Frankfurt,
UIAA Worldchampionchip - Genève 1995,Genève,
UIAA Worldcup - Moscow 1995,Moscow,
UIAA Worldcup - Birmingham 1995,Birmingham,
UIAA Worldcup - Aix-les-Bains 1995,Aix-les-Bains,
UIAA Youth Worldchampionship - Laval 1995,Laval,
UIAA Masters - Serre Chevalier 1995,Serre Chevalier,
UIAA Bouldering Masters - L'Argentier 1995,L'Argentier,
UIAA Masters - Rock Masters Arco 1995,Arco,
UIAA Worldcup - Ekaterinburg 1996,Ekaterinburg,
UIAA Worldcup - Kranj 1996,Kranj,
UIAA Worldcup - Graz 1996,Graz,
European Championship - Paris 1996,Paris,
"UIAA Masters - ESPN X-Games - Newport, USA 1996",USA,
European Youth Cup - Dortmund (GER) 1996,Dortmund,GER
European Youth Cup - Ravenna (ITA) 1996,Ravenna,ITA
European Youth Cup - Skofja Loka (SLO) 1996,Skofja Loka,SLO
European Youth Cup - Bern (SUI) 1996,Bern,SUI
European Youth Cup - Prag (CZE) 1996,Prag,CZE
UIAA World Championchip - Paris 1997,Paris,
UIAA Worldcup - Courmayeur 1997,Courmayeur,
UIAA Worldcup - Prag 1997,Prag,
UIAA Worldcup - Kranj 1997,Kranj,
UIAA Worldcup - Imst 1997,Imst,
UIAA Worldcup - Birmingham 1997,Birmingham,
UIAA Masters - Serre Chevalier 1996,Serre Chevalier,
UIAA Masters - Rock Masters Arco 1996,Arco,
UIAA Youth Worldchampionship - Imst (AUT) 1997,Imst,AUT
European Youth Cup - Bolzano (ITA) 1997,Bolzano,ITA
European Youth Cup - Dortmund (GER) 1997,Dortmund,GER
European Youth Cup - Chocen (CZE) 1997,Chocen,CZE
European Youth Cup - Bern (SUI) 1997,Bern,SUI
European Youth Cup - Parma (ITA) 1997,Parma,ITA
UIAA Masters - Serre Chevalier 1997,Serre Chevalier,
UIAA Masters - Rock Masters Arco 1997,Arco,
"UIAA Masters - San Diego X-Games, USA 1997",USA,
UIAA Youth Worldchampionship - Moscow (RUS) 1998,Moscow,RUS
UIAA Worldcup - Beauregard (ITA) 1998,Beauregard,ITA
UIAA Worldcup - Courmayeur (ITA) 1998,Courmayeur,ITA
UIAA Worldcup - Milan (ITA) 1998,Milan,ITA
UIAA Worldcup - Kranj (SLO) 1998,Kranj,SLO
UIAA European Championship - Nürnberg (GER) 1998,Nürnberg,GER
European Youth Cup - Dortmund (GER) 1998,Dortmund,GER
European Youth Cup - Triest (ITA) 1998,Triest,ITA
European Youth Cup - Imst (AUT) 1998,Imst,AUT
European Youth Cup - Aix en Provence (FRA) 1998,Aix en Provence,FRA
Top Rock Challenge - Val d'Isere (FRA) 1998,Val d'Isere,FRA
Top Rock Challenge - Chamonix (FRA) 1998,Chamonix,FRA
UIAA Masters - Serre Chevalier (FRA) 1998,Serre Chevalier,FRA
Top Rock Challenge - Valloire (FRA) 1998,Valloire,FRA
Top Rock Challenge - Cortina d'Ampezzo (ITA) 1998,Cortina d'Ampezzo,ITA
Top Rock Challenge - Crans Montana (SUI) 1998,Crans Montana,SUI
Top Rock Challenge - Grenoble (FRA) 1998,Grenoble,FRA
UIAA Masters - Rock Masters Arco (ITA) 1998,Arco,ITA
UIAA Worldcup - Wiener Neustadt (AUT) 1999,Wiener Neustadt,AUT
UIAA Worldcup - Leipzig (GER) 1999,Leipzig,GER
UIAA Worldcup - Besancon (FRA) 1999,Besancon,FRA
UIAA Worldcup - Benasque (ESP) 1999,Benasque,ESP
UIAA Worldcup - Val d'Isere (FRA) 1999,Val d'Isere,FRA
UIAA Worldcup - Chamonix (FRA) 1999,Chamonix,FRA
UIAA Worldcup - Beauregard (ITA) 1999,Beauregard,ITA
UIAA Worldcup - Bardonecchia (ITA) 1999,Bardonecchia,ITA
UIAA Worldcup - Cortina (ITA) 1999,Cortina,ITA
UIAA Worldcup - Grenoble (FRA) 1999,Grenoble,FRA
UIAA Worldcup - Kranj (SLO) 1999,Kranj,SLO
UIAA World Championship - Birmingham (GBR) 1999,Birmingham,GBR
UIAA Youth Worldchampionship - Courmayeur (ITA) 1999,Courmayeur,ITA
European Youth Cup - Imst (AUT) 1999,Imst,AUT
European Youth Cup - Bern (SUI) 1999,Bern,SUI
European Youth Cup - Albertville (FRA) 1999,Albertville,FRA
EuropeanYouth Cup - Amsterdam (NED) 1999,Amsterdam,NED
UIAA Masters - Serre-Chevalier (FRA) 1999,Serre-Chevalier,FRA
Int. Event - Arco Rock Master (ITA) 1999,Arco Rock Master,ITA
Int. Event - Sheffield (GBR) 1999,Sheffield,GBR
UIAA Asian Championship - Kuala Lumpur (MAS) 2000,Kuala Lumpur,MAS
UIAA European Championship - München (GER) 2000,München,GER
UIAA Worldcup - Konitsa (GRE) 2000,Konitsa,GRE
UIAA Worldcup - Millau (FRA) 2000,Millau,FRA
UIAA Worldcup - Chamonix (FRA) 2000,Chamonix,FRA
UIAA Worldcup - Beauregard (ITA) 2000,Beauregard,ITA
UIAA Worldcup - München (GER) 2000,München,GER
UIAA Worldcup - Grenoble (FRA) 2000,Grenoble,FRA
UIAA Worldcup - Rovereto (ITA) 2000,Rovereto,ITA
UIAA Worldcup - Lecco (ITA) 2000,Lecco,ITA
UIAA Worldcup - Courmayeur (ITA) 2000,Courmayeur,ITA
UIAA Worldcup - Nantes (FRA) 2000,Nantes,FRA
UIAA Worldcup - Kranj (SLO) 2000,Kranj,SLO
UIAA Asian Youth Championship - Beijing (CHN) 2000,Beijing,CHN
UIAA World Youth Championship - Amsterdam (NED) 2000,Amsterdam,NED
Pan American Cup - Peru 2000,Peru,
European Youth Cup - Imst (AUT) 2000,Imst,AUT
European Youth Cup - L'Aprica (ITA) 2000,L'Aprica,ITA
European Youth Cup - Kranj (SLO) 2000,Kranj,SLO
Masters - Serre Chevalier (FRA) 2000,Serre Chevalier,FRA
Int. Event - Serre Chevalier (FRA) 2000,Serre Chevalier,FRA
Int. Event - L'Argentiere (FRA) 2000,L'Argentiere,FRA
Int. Event - Rock Master Arco (ITA) 2000,Arco,ITA
1. Int. SALEWA Masters - Scheidegg 2000,Scheidegg,
UIAA Asian Youth Championship - Teheran (IRI) 2001,Teheran,IRI
1st UIAA ASIAN CUP - Kunming (CHN),Kunming,CHN
UIAA Asian Championship - Jakarta (INA) 2001,Jakarta,INA
Asian Bouldering Championship - Taipei (TPE) 2001,Taipei,TPE
UIAA Youth World Championship - Imst(AUT) 2001,Imst,AUT
UIAA Youth World Championship SPEED - Imst (AUT) 2001,Imst,AUT
UIAA Worldcup - GAP (FRA) 2001,GAP,FRA
UIAA Worldcup - Chamonix (FRA) 2001,Chamonix,FRA
UIAA Worldcup - Munich (GER ) 2001,Munich,GER
UIAA Worldcup - Rovereto (ITA) 2001,Rovereto,ITA
UIAA World Championship - Winterthur (SUI) 2001,Winterthur,SUI
UIAA Worldcup - Lecco (ITA) 2001,Lecco,ITA
UIAA Worldcup - Aprica (ITA) 2001,Aprica,ITA
UIAA Worldcup - Kuala Lumpur (MAS) 2001,Kuala Lumpur,MAS
UIAA Worldcup - Kranj (SLO) 2001,Kranj,SLO
UIAA Worldcup - Birmingham (GBR) 2001,Birmingham,GBR
North American Youth Championship - Berkeley (USA) 2001,Berkeley,USA
European Youth Cup Speed - Apatity (RUS) 2001,Apatity,RUS
European Youth Cup - Apatity (RUS) 2001,Apatity,RUS
European Youth Cup - Trieste (ITA) 2001,Trieste,ITA
European Youth Cup - Imst (AUT) 2001,Imst,AUT
European Youth Cup - Arco (ITA) 2001,Arco,ITA
European Youth Cup - Aprica (ITA) 2001,Aprica,ITA
European Youth Cup - Birmingham (GBR) 2001,Birmingham,GBR
UIAA Asian Championship - Toyama (JPN) 2002,Toyama,JPN
Reg. Event - Nordic Championship - Malmö (SWE) 2001,Malmö,SWE
Int. Event - Fontainebleau (FRA) 2001,Fontainebleau,FRA
Reg. Event - Alpe Adria Cup - Trieste (ITA) 2001,Trieste,ITA
Int. Event - Lake Placid (USA) 2001,Lake Placid,USA
Int. Event - Hood River (USA) 2001,Hood River,USA
Int. Event - Serre Chevalier (FRA) 2001,Serre Chevalier,FRA
Int. Event - L'Argentiere (FRA) 2001,L'Argentiere,FRA
Int. Event - Rock Master Arco (ITA) 2001,Arco,ITA
Int. Event - Blocmaster Grenoble (FRA) 2001,Blocmaster Grenoble,FRA
2. Int. SALEWA Masters - Scheidegg (GER) 2001,Scheidegg,GER
Int. Event - Master WARSAW (POL) 2001,Warsaw,POL
UIAA Youth World Championship Speed - Canteleu (FRA) 2002,Canteleu,FRA
UIAA World Youth Championship - Canteleu (FRA) 2002,Canteleu,FRA
UIAA Worldcup - Bolzano (ITA) 2002,Bolzano,ITA
UIAA Worldcup - Yekaterinburg (RUS) 2002 - Red Cards withdrawn,Yekaterinburg,RUS
2. UIAA Worldcup - Yekaterinburg (RUS) 2002,Yekaterinburg,RUS
3. UIAA Worldcup - Yekaterinburg (RUS) 2002,Yekaterinburg,RUS
UIAA Worldcup - Imst (AUT) 2002,Imst,AUT
UIAA Worldcup - Fiera di Primiero (ITA) 2002,Fiera di Primiero,ITA
UIAA Worldcup - Lecco (ITA) 2002 - speed,Lecco,ITA
UIAA Worldcup - Lecco (ITA) 2002 - boulder,Lecco,ITA
UIAA Worldcup - Lecco (ITA) 2002 - difficulty,Lecco,ITA
UIAA Worldcup - Singapore (SIN) 2002,Singapore,SIN
UIAA Worldcup - Rovereto (ITA) 2002,Rovereto,ITA
UIAA Worldcup - Aprica (ITA) 2002,Aprica,ITA
UIAA Worldcup - Kranj (SLO) 2002,Kranj,SLO
Asian Youth Championship - Malaysia 2002,Malaysia,
UIAA European Championship - Chamonix (FRA) 2002,Chamonix,FRA
Latin American Championship,,
UIAA North American Youth Championship 2002,,
European Youth Cup - Imst (AUT) 2002,Imst,AUT
European Youth Cup - Arco (ITA) 2002,Arco,ITA
European Youth Cup - Veliko Tarnovo (BUL) 2002,Veliko Tarnovo,BUL
European Youth Cup - Kranj (SLO) 2002,Kranj,SLO
Int. Event - Marseille International Youth (FRA),Marseille International Youth,FRA
Int. Event - Klimax Goldfinger - Puurs (BEL) 2002,Puurs,BEL
Rock Junior - Arco (ITA) 2002,Arco,ITA
Int. Event - Serre Chevalier (FRA) 2002,Serre Chevalier,FRA
Int. Event - L'Argentière (FRA) 2002,L'Argentière,FRA
Int. Event - Speed Rock - Daone (ITA),Daone,ITA
Int. Event - Arco Rockmaster (ITA) 2002,Arco Rockmaster,ITA
Int. Event - Schengzheng (CHN) 2002,Schengzheng,CHN
Youth Worldchampionship - Veliko Tarnovo (BUL) 2003,Veliko Tarnovo,BUL
UIAA Worldcup - Imst (AUT) 2003,Imst,AUT
UIAA Worldcup - Yekaterinburg (RUS) 2003 (B+S),Yekaterinburg,RUS
UIAA Worldcup - Yekaterinburg (RUS) 2003 (S),Yekaterinburg,RUS
UIAA Worldcup - Yekaterinburg (RUS) 2003 (D+S),Yekaterinburg,RUS
UIAA Worldcup - Fiera di Primiero (ITA) 2003,Fiera di Primiero,ITA
UIAA Worldcup - Lecco (ITA) 2003 (speed),Lecco,ITA
UIAA Worldcup - Lecco (ITA) 2003 (boulder),Lecco,ITA
UIAA Worldcup - Lecco (ITA) 2003 (difficulty),Lecco,ITA
UIAA Worldchampionship - Chamonix (FRA) 2003,Chamonix,FRA
UIAA Worldcup - L'Argentière (FRA) 2003,L'Argentière,FRA
UIAA Worldcup - Val Daone (ITA) 2003,Val Daone,ITA
UIAA Worldcup - Aviles (ESP) 2003,Aviles,ESP
UIAA Worldcup - Rovereto (ITA) 2003,Rovereto,ITA
UIAA Worldcup - Aprica (ITA) 2003,Aprica,ITA
UIAA Worldcup - Prague (CZE) 2003,Prague,CZE
UIAA Worldcup - Valence (FRA) 2003,Valence,FRA
UIAA Worldcup - Kranj (SLO) 2003,Kranj,SLO
UIAA Worldcup - Shenzen (CHN) 2003,Shenzen,CHN
UIAA Worldcup - Edinburgh (GBR) 2003,Edinburgh,GBR
UIAA Asian Championship - Beijing (CHN) 2003,Beijing,CHN
European Youth Cup - Imst (AUT) 2003,Imst,AUT
European Youth Cup - Arco (ITA) 2003,Arco,ITA
European Youth Cup - Niederwangen (SUI) 2003,Niederwangen,SUI
European Youth Cup - Kranj (SLO) 2003,Kranj,SLO
UIAA North American Youth Championship - not confirmed,,
Panamerican Championships - Mexico City (MEX) 2003,Mexico City,MEX
Nordic Championships - Oslo (NOR) 2003,Oslo,NOR
UIAA Asian Championship - Jeolla Nam Do (KOR) 2004,Jeolla Nam Do,KOR
UIAA European Championship - Lecco (ITA) 2004,Lecco,ITA
UIAA Worldcup - Birmingham (GBR) 2004,Birmingham,GBR
UIAA Worldcup - Erlangen (GER) 2004,Erlangen,GER
UIAA Worldcup - Puurs (BEL) 2004,Puurs,BEL
UIAA Worldcup - Imst (AUT) 2004,Imst,AUT
UIAA Worldcup - Fiera di Primiero (ITA) 2004,Fiera di Primiero,ITA
UIAA Worldcup - Chamonix (FRA) 2004,Chamonix,FRA
UIAA Worldcup - Val Daone (ITA) 2004,Val Daone,ITA
UIAA Worldcup - L'Argentière La Bessée (FRA) 2004,L'Argentière La Bessée,FRA
UIAA Worldcup - Bardonecchia (ITA) 2004,Bardonecchia,ITA
UIAA Worldcup - Marbella (ESP) 2004,Marbella,ESP
UIAA Worldcup - Huzou (CHN) 2004,Huzou,CHN
UIAA Worldcup - Shanghai (CHN) 2004,Shanghai,CHN
UIAA Worldcup - Aprica (ITA) 2004,Aprica,ITA
UIAA Worldcup - Valence (FRA) 2004,Valence,FRA
UIAA Worldcup - Brno (CZE) 2004,Brno,CZE
UIAA Worldcup - Kranj (SLO) 2004,Kranj,SLO
Int. Event - Birmingham (GBR) 2003,Birmingham,GBR
Int. Event - Open Youth Marseille (FRA) 2003,Youth Marseille,FRA
Rock Junior - Arco (ITA) 2003,Arco,ITA
Spiderkids - Youth Color Climbing Festival - Imst (AUT) 2003,Imst,AUT
"Spiderkids - 6. Int Trophy ""Citta'di Ravenna"" (ITA) 2003","""Ravenna",ITA
Int. Event - Speed Rock Daone (ITA) 2003 - not confirmed,Daone,ITA
"Int. Event - Master/Event of Daroca, Zaragosa (ESP) 2003",Zaragosa,ESP
Int. Event - Serre Chevalier (FRA) 2003,Serre Chevalier,FRA
Int. Event - Boulder Masters Grenoble (FRA) 2003,Grenoble,FRA
Int. Event - La Colmiane (FRA) 2003,La Colmiane,FRA
Int. Event - Arco Rockmaster (ITA) 2003,Arco Rockmaster,ITA
Spiderkids - Open Youth Climbing Championship of the Czech Republic - Brno (CZE) 2003,Brno,CZE
UIAA World Youth Championship - Edinburgh (GBR) 2004,Edinburgh,GBR
UIAA Nordic Championship Bouldering (NOR) 2004,,NOR
Polish Youth Championship - Gdansk 2004,Gdansk,
European Youth Cup - Geneva (SUI) 2004,Geneva,SUI
European Youth Cup - Imst (AUT) 2004,Imst,AUT
European Youth Cup + Festival - Veliko Tarnovo (BUL) 2004,Veliko Tarnovo,BUL
European Youth Cup - Kranj (SLO) 2004,Kranj,SLO
Int. Event - Open Youth Marseille (FRA) 2004,Youth Marseille,FRA
Int. Event Melloblocco - Val di Mello (ITA) 2004,Val di Mello,ITA
EYCD - European Youth Climbing Days Arco (ITA) 2004,Days Arco,ITA
Spiderkids - Youth Color Climbing Festival Imst (AUT) 2004,Imst,AUT
Int. Youth Event - Citta di Ravenna (ITA) 2004,Ravenna,ITA
Int. Youth Event - Petzen Trophy Kärnten (AUT) 2004,Kärnten,AUT
Int. Event - OutDoor Climbing Events 2004 - Friedrichshafen (GER) 2004,Friedrichshafen,GER
Spiderkids - Kids Climbing Competition of Aggtelek (HUN) 2004,Competition of Aggtelek,HUN
Int. Event - Grenoble (FRA) 2004,Grenoble,FRA
Int. Event - Rockmaster Arco (ITA) 2004,Arco,ITA
Spiderkids - Int. Youth Climbing Competitions Darvas Cup (HUN) 2004,Int. Youth Climbing Competitions Darvas Cup,HUN
Int. Event - Asia Cup Uttarkashi (IND) 2004,Uttarkashi,IND
UIAA Worldcup (B) - Birmingham (GBR) 2005,Birmingham,GBR
UIAA Worldcup (B+S) - Moscow (RUS) 2005,Moscow,RUS
UIAA Worldcup (S) - Moscow (RUS) 2005,Moscow,RUS
UIAA Worldcup (L+S) - Veliko Tarnovo (BUL) 2005,Veliko Tarnovo,BUL
UIAA Worldcup (L) - Puurs (BEL) 2005,Puurs,BEL
UIAA Worldcup (L) - Imst (AUT) 2005,Imst,AUT
UIAA Worldcup (B) - Fiera di Primiero (ITA) 2005,Fiera di Primiero,ITA
UIAA Worldcup (L) - Zürich (SUI) 2005,Zürich,SUI
UIAA World Championship - Munich (GER) 2005,Munich,GER
UIAA Worldcup (L+S) - Chamonix (FRA) 2005,Chamonix,FRA
UIAA Worldcup (S) - Daone (ITA) 2005,Daone,ITA
UIAA Worldcup (L) - Marbella (ESP) 2005,Marbella,ESP
UIAA Worldcup (B) - Firminy (FRA) 2005,Firminy,FRA
UIAA Worldcup (L+S) - Shanghai (CHN) 2005,Shanghai,CHN
UIAA Worldcup (L) - Valence (FRA) 2005,Valence,FRA
UIAA Worldcup (L) - Kranj (SLO) 2005,Kranj,SLO
UIAA Central-South American Youth - S. Antonio de los Altos (VEN) 2004,S. Antonio de los Altos,VEN
UIAA Central-South American Championship - S. Antonio de los Altos (VEN) 2004,S. Antonio de los Altos,VEN
North American Championship - Mexico City (MEX) 2004 (incl. SpiderKids),Mexico City,MEX
North American Championship - Mexico City (MEX) 2004 (Youth Bouldering),Mexico City,MEX
UIAA World Youth Championship - Bejing (CHN) 2005,Bejing,CHN
UIAA Asian Championship - Iran 2005,Iran,
Asian Youth Championships,,
European Youth Cup - Brno (CZE) 2005,Brno,CZE
European Youth Cup - Imst (AUT) 2005,Imst,AUT
European Youth Cup - Geneva (SUI) 2005,Geneva,SUI
European Youth Cup - Penne (ITA) 2005,Penne,ITA
European Youth Cup - Kranj (SLO) 2005,Kranj,SLO
International World Games (L+S) - Duisburg (GER) 2005,Duisburg,GER
Int. Event - Open Youth Marseille (FRA) 2005,Youth Marseille,FRA
Int. Event (B) Mello Blocco - Val Masino (ITA) 2005,Val Masino,ITA
Spiderkids - Youth Color Climbing Festival Imst (AUT) 2005,Imst,AUT
Int. Event (L+B+S) Rock Junior - Arco (ITA) 2005,Arco,ITA
Int. Youth Event - Citta di Ravenna (ITA) 2005,Ravenna,ITA
Int. Event - EYOF Climbing Demonstration Ligano (ITA),Demonstration Ligano,ITA
Int. Youth Event - Petzen Trophy Kärnten 2005,Kärnten,
Int. Youth Event - EYOF - Lignano (ITA) 2005,Lignano,ITA
Int. Event (L) - Serre Chevalier (FRA) 2005,Serre Chevalier,FRA
Int. Event (B) - L'Argentiere (FRA) 2005,L'Argentiere,FRA
Int. Event (L+B+S) ROCKMASTER - Arco (ITA) 2005,Arco,ITA
Int. Event (L) - Lisbon (POR) 2005,Lisbon,POR
UIAA World Youth Championship - Imst (AUT) 2006,Imst,AUT
UIAA Asian Championships - Kaoshiung (TPE) 2006,Kaoshiung,TPE
UIAA European Championship - Ekatarinburg (RUS) 2006,Ekatarinburg,RUS
Central South America Championship - San Juan de los Morros (VEN),San Juan de los Morros,VEN
North American Championships (L+S) - Denver Colorado (USA) 2006,Denver Colorado,USA
UIAA Climbing Worldcup (B) - Birmingham (GBR) 2006,Birmingham,GBR
UIAA Climbing Worldcup (B+S) - Veliko Tarnovo (BUL) 2006,Veliko Tarnovo,BUL
UIAA Climbing Worldcup (L) - Puurs (BEL) 2006,Puurs,BEL
UIAA Climbing Worldcup (B) - Rovereto (ITA) 2006,Rovereto,ITA
UIAA Climbing Worldcup (L+S) - Dresden (GER) 2006,Dresden,GER
UIAA Climbing Worldcup (B) - Grindelwald (SUI) 2006,Grindelwald,SUI
UIAA Climbing Worldcup (B) - Fiera di Primiero (ITA) 2006,Fiera di Primiero,ITA
UIAA Climbing Worldcup (B) - Hall (AUT) 2006,Hall,AUT
UIAA Climbing Worldcup (L+S) - Chamonix (FRA) 2006,Chamonix,FRA
UIAA Climbing Worldcup (L) - Qinghai Province (CHN) 2006,Qinghai Province,CHN
UIAA Climbing Worldcup (S) - Val Daone (ITA) 2006,Val Daone,ITA
UIAA Climbing Worldcup (L+S) - Singapore (SIN) 2006,Singapore,SIN
UIAA Climbing Worldcup (L+S) - Kuala Lumpur (MAS) 2006,Kuala Lumpur,MAS
UIAA Climbing Worldcup (L) - Marbella (ESP) 2006,Marbella,ESP
UIAA Climbing Worldcup (L+S) - Shanghai (CHN) 2006,Shanghai,CHN
UIAA Climbing Worldcup (B+S) - Moscow (RUS) 2006,Moscow,RUS
UIAA Climbing Worldcup (L) - Penne (ITA) 2006,Penne,ITA
UIAA Worldcup (L) - Kranj (SLO) 2006,Kranj,SLO
European Youth Cup - Imst (AUT) 2006 after disqualification,Imst,AUT
European Youth Cup - Gdansk (POL) 2006,Gdansk,POL
European Youth Cup - Velika Tarnovo (BUL) 2006,Velika Tarnovo,BUL
European Youth Cup - Annecy (FRA) 2006,Annecy,FRA
European Youth Cup - Kranj (SLO) 2006,Kranj,SLO
IFSC Asian Championships - Guangzhou (CHN) 2007,Guangzhou,CHN
Int. Event - Open Youth Marseille (FRA) 2006,Youth Marseille,FRA
Promotional Event - Melloblocco (ITA) 2006,,ITA
Youth Color Climbing Festival Imst (AUT) 2006,Imst,AUT
Int. Event (L+B+S) Rock Junior - Arco (ITA) 2006,Arco,ITA
Int. Youth Event - Citta di Ravenna (ITA) 2006,Ravenna,ITA
Spiderkids - Kärnten (AUT) 2006,Kärnten,AUT
Int. Youth Event - Petzen Trophy Kärnten (AUT) 2006,Kärnten,AUT
Int. Event (L) - Serre Chevalier (FRA) 2006,Serre Chevalier,FRA
Promotional Event (L+S) - Friedrichshafen 2006,Friedrichshafen,
International Event (B) - L'Argentiere la Bessee (FRA) 2006,L'Argentiere la Bessee,FRA
Int. Event - Aggtelek Cup  (HUN ) 2006,Aggtelek Cup,HUN
Int. Event (L+B+S) ROCKMASTER - Arco (ITA) 2006,Arco,ITA
International Event (B) - La Colmiane (FRA) 2006,La Colmiane,FRA
International Event (L) - Dima-Bilbao (ESP) 2006,Dima-Bilbao,ESP
Int. Youth Event - 2. BELGRADE OPEN TROFEY,,
IFSC European Boulder Championship  - Birmingham (GBR) 2007,Birmingham,GBR
IFSC Climbing World Youth Championship - Ibarra (ECU) 2007,Ibarra,ECU
Asian Indoor Games - Macau,,
Youth Event - Marseille (FRA) 2007,Marseille,FRA
Promotional Event - Melloblocco (ITA) 2007,,ITA
Youth Color Climbing Festival - Imst (AUT) 2007,Imst,AUT
International Event (B) Ukrainian Verticals - Kiev (UKR),Kiev,UKR
Youth Event Rock Junior - Arco (ITA) 2007,Arco,ITA
Youth Event - Ravenna (ITA) 2007,Ravenna,ITA
International Event - Swiss Master Outdoor Games - Interlaken (SUI) 2007,Interlaken,SUI
Int. Youth Event - Petzen Trophy Kärnten (AUT) 2007,Kärnten,AUT
Int. Event (L) - Serre Chevalier (FRA) 2007,Serre Chevalier,FRA
International Event (B) - L'Argentiere la Bessee (FRA) 2007,L'Argentiere la Bessee,FRA
International Event (B) - La Colmiane (FRA) Masters 2007,La Colmiane,FRA
Promotional Event - Boulder Cup Novi Sad (SRB) 2007,Novi Sad,SRB
Int. Event (L+B+S) ROCKMASTER - Arco (ITA) 2007,Arco,ITA
Int. Youth Event - 3. BELGRADE OPEN TROPHY (SRB) 2007,Belgrade Open Trophy,SRB
Promo Event (L+S) Asia Cup - Changsha (CMA),Changsha,CMA
IFSC ParaClimbing Cup 2008 - Moscow (RUS),Moscow,RUS
IFSC Climbing Worldcup (B) - Erlangen (GER) 2007,Erlangen,GER
IFSC Climbing Worldcup (S) - Tarnow (POL) 2007,Tarnow,POL
IFSC Climbing Worldcup (B) - Sofia (BUL) 2007,Sofia,BUL
IFSC Climbing Worldcup (B) - Hall (AUT) 2007,Hall,AUT
IFSC Climbing Worldcup (S) - Trento (ITA) 2007,Trento,ITA
IFSC Climbing Worldcup (B) - La Reunion (FRA) 2007,La Reunion,FRA
IFSC Climbing Worldcup (L) - Imst (AUT) 2007,Imst,AUT
IFSC Climbing Worldcup (B) - Grindelwald (SUI) 2007,Grindelwald,SUI
IFSC Climbing Worldcup (L) - Zürich (SUI) 2007,Zürich,SUI
IFSC Climbing Worldcup (B) - Fiera di Primiero (ITA) 2007,Fiera di Primiero,ITA
IFSC Climbing Worldcup (S+L) - Chamonix (FRA) 2007,Chamonix,FRA
IFSC Climbing Worldcup (S) - Val Daone (ITA) 2007,Val Daone,ITA
IFSC Climbing Worldcup (L+S) - Qinghai (CHN) 2007,Qinghai,CHN
IFSC Climbing World Championship (L + B + S) - Aviles (ESP) 2007,Aviles,ESP
IFSC Climbing Worldcup (L+S) - Puurs (BEL) 2007,Puurs,BEL
IFSC Climbing Worldcup (L) - Kazo (JPN) 2007,Kazo,JPN
IFSC Climbing Worldcup (L) - Valence (FRA) 2007,Valence,FRA
IFSC Climbing Worldcup (B) - Brno (CZE) 2007,Brno,CZE
IFSC Climbing Worldcup (L) - Kranj (SLO) 2007,Kranj,SLO
Asian Youth Championship (L+S) - Yamaguchi (JPN) 2008,Yamaguchi,JPN
European Youth Series - Imst (AUT) 2007,Imst,AUT
European Youth Series - Veliko Tarnovo (BUL) 2007,Veliko Tarnovo,BUL
European Youth Series - Leipzig (GER) 2007,Leipzig,GER
European Youth Series - Warsaw (POL) 2007,Warsaw,POL
European Youth Series - Linz (AUT) 2007,Linz,AUT
European Youth Series - Kranj (SLO) 2007,Kranj,SLO
IFSC Asian Championships (B+L+S) - Guangzhou (CHN) 2008,Guangzhou,CHN
IFSC Climbing World Youth Championship - Sydney (AUS) 2008,Sydney,AUS
Oceanian Championship - New Zealand,,
IFSC European Championship - Paris (FRA) 2008,Paris,FRA
IFSC Paraclimbing Cup - Val Daone (ITA) - 2009,Val Daone,ITA
IFSC Climbing Worldcup (B) - Hall (AUT) 2008,Hall,AUT
IFSC Climbing Worldcup (S) - Trento (ITA) 2008,Trento,ITA
IFSC Climbing Worldcup (B) - Reunion (FRA) 2008,Reunion,FRA
IFSC Climbing Worldcup (B) - Grindelwald (SUI) 2008,Grindelwald,SUI
IFSC Climbing Worldcup (B) - Vail (USA) 2008,Vail,USA
IFSC Climbing Worldcup (B) - Fiera di Primiero (ITA) 2008,Fiera di Primiero,ITA
IFSC Climbing Worldcup (S + L) - Qinghai (CHN) 2008,Qinghai,CHN
IFSC Climbing Worldcup (B) - Montauban (FRA) 2008,Montauban,FRA
IFSC Climbing Worldcup (S+L) - Chamonix (FRA) 2008,Chamonix,FRA
IFSC Climbing Worldcup (S) - Val Daone (ITA) 2008,Val Daone,ITA
IFSC Climbing Worldcup (L) - Bern (SUI) 2008,Bern,SUI
IFSC Climbing Worldcup (L) - Imst (AUT) 2008,Imst,AUT
IFSC Climbing Worldcup (L+S) - Puurs (BEL) 2008,Puurs,BEL
IFSC Climbing Worldcup (S+B) - Moscow (RUS) 2008,Moscow,RUS
IFSC Climbing Worldcup (L) - Kranj (SLO) 2008,Kranj,SLO
"Oceania Championship - Port Maquarie, NSW (AUS) 2009",NSW,AUS
Asia Youth Championship - Almaty (KAZ) - 2009,Almaty,KAZ
IFSC World Youth Championships - Valence (FRA) 2009,Valence,FRA
Regional Event (B) - Kitzbühel (AUT) 2008,Kitzbühel,AUT
Int. Youth Event - Open Youth Aix-en-Provence (FRA) 2008,Youth Aix-en-Provence,FRA
Promo Event Kia X Games Asia (Speed) Shanghai (CHN) 2008,Shanghai,CHN
Promotional Event Melloblocco (ITA) 2008,,ITA
Youth Color Climbing Festival - Imst (AUT) 2008,Imst,AUT
Int. Event (L+B) DimaRockmaster - Dima (ESP) 2008,Dima,ESP
Int. Youth Event - Rock Junior (ITA) 2008,Rock Junior,ITA
Promo Event Ambrosia Boulder Contest Zsombo (HUN) 2008,Zsombo,HUN
Int. Youth Event - Petzen Trophy Kärnten (AUT) 2008,Kärnten,AUT
Int. Event (L) - Serre Chevalier (FRA) 2008,Serre Chevalier,FRA
Promo Event Tout a Bloc l'Argentière la Bessée (FRA) 2008,l'Argentière la Bessée,FRA
Promo Event Balkan Climbing Competition,,
Promo Event - Asia Youth Cup Bali (Indonesia),Bali,IDN
Promotional Event BAZ Bouldering at Sea Scheveningen Beach (NED),Scheveningen Beach,NED
Int. Event (L+B+S) ROCKMASTER - Arco (ITA) 2008,Arco,ITA
Intl. Event - TreX Games Busan 2008 Intl. Sport Climbing Competition,Busan,
International Event (S + L) - Shanghai (CHN) 2008,Shanghai,CHN
IFSC Hydromaster CHINA 2008,,
Promo Indonesia Open Xtreme - Bandung,,
Promo Event - Nordic Bouldering Challenge- Lillehammer (NOR) 2008,Lillehammer,NOR
Centre and South American Continental Championship Sport Climbing - Senior,,
North American Championships -  Montreal (CAN) 2008,Montreal,CAN
Asia Cup Bouldering,,
Asia Championship - Chuncheon (KOR) - 2009,Chuncheon,KOR
Asian X Games (S) - Shanghai (CHN) 2009,Shanghai,CHN
World Games (L+S) - Kaohsiung (TPE) 2009,Kaohsiung,TPE
IFSC Climbing Worldcup (B) - Kazo (JPN) 2009,Kazo,JPN
IFSC Climbing Worldcup (S) - Tarnow (POL) 2009,Tarnow,POL
IFSC Climbing Worldcup (S) - Trento (ITA) 2009,Trento,ITA
IFSC Climbing Worldcup (B) - Hall (AUT) 2009,Hall,AUT
IFSC Climbing Worldcup (B) - Wien (AUT) 2009,Wien,AUT
IFSC Climbing Worldcup (B) - Vail (USA) 2009,Vail,USA
IFSC Climbing Worldcup (B) - Eindhoven (NED) 2009,Eindhoven,NED
IFSC Climbing World Championships  - Qinghai (CHN) 2009 - 15m Speed,Qinghai,CHN
IFSC Climbing World Championships  - Qinghai (CHN) 2009,Qinghai,CHN
"IFSC Climbing Worldcup (S, L) - Chamonix (FRA) 2009",Chamonix,FRA
IFSC Climbing Worldcup (S)  - Daone (ITA) 2009,Daone,ITA
IFSC Climbing Worldcup (L) - Barcelona (ESP) 2009,Barcelona,ESP
IFSC Climbing Worldcup (L) - Imst (AUT) 2009,Imst,AUT
IFSC Climbing Worldcup (L) - Puurs (BEL) 2009,Puurs,BEL
IFSC Climbing Worldcup (L) - Brno (CZE) 2009,Brno,CZE
IFSC Climbing Worldcup (L) - Kranj (SLO) 2009,Kranj,SLO
IFSC European Youth Series (L) - Prague (CZE) 2008,Prague,CZE
IFSC European Youth Series (L+S) - Wuppertal (GER) 2008,Wuppertal,GER
IFSC European Youth Series (L) - Imst (AUT) 2008,Imst,AUT
IFSC European Youth Series (L) - Annecy (FRA) 2008,Annecy,FRA
IFSC European Youth Series (L) - Kranj (SLO) 2008,Kranj,SLO
European Youth Series - Imst (AUT) 2009,Imst,AUT
IFSC European Youth Series (L+S) - Munich (GER),Munich,GER
IFSC European Youth Series - Edinburgh (GBR),Edinburgh,GBR
IFSC European Youth Series (L+S) - Kaliningrad (RUS),Kaliningrad,RUS
IFSC European Youth Series - Kranj (SLO) 2009,Kranj,SLO
Intl. Event (B) - Boulder Promo - Sheffield (GBR) 2009,Sheffield,GBR
Shanghai Rock Master (L + S) - Shanghai (CHN) 2009,Shanghai,CHN
Promotional Event - Melloblocco (ITA),,ITA
Intl. Event (B)  - Open Boulder Austria and Germany Cup- Kitzbuhel (AUT) 2009,Kitzbuhel,AUT
"Promo Event - Rock Master Ecuador (L, B, S) - Quito (ECU)",Quito,ECU
Intl. Event - Youth Color Climbing Festival- Imst (AUT) 2009,Imst,AUT
Intl. Event - Rockjunior - Arco (ITA) 2009,Arco,ITA
Ambrosia Boulder Promo,,
Intl. Youth Event - Petzen Climbing Trophy - Petzen (AUT) 2009,Petzen,AUT
Friedrichshafen Speed Promo - Friedrichshafen (GER) - 2009,Friedrichshafen,GER
Intl. Event (L)  - Lead Masters - Serre Chevalier (FRA) 2009,Serre Chevalier,FRA
Promo event - European Youth Speed Cup - Stuttgart (GER) 2009,Stuttgart,GER
Promo Event (B) - Boulder Promo - Argentiere (FRA) 2009,Argentiere,FRA
Promo Event - Bronx Rock Invitational - Cologne (GER) 2009,Cologne,GER
Promo Event - Innsbruck (AUT) - 2009,Innsbruck,AUT
Promo Event - BAZ - Scheveningen Beach (NED) - 2009,Scheveningen Beach,NED
Int. Event (L+B+S) ROCKMASTER - Arco (ITA) 2009,Arco,ITA
"Intl. Event (L) - Lead Masters - Dur&Go Climbing Master, Durango (ESP) 2009",Durango,ESP
Promo Event - Indonesia Open Xtreme - Makasar (INA) 2009,Makasar,INA
IFSC Paraclimbing Cup - Daone (FRA) - 2010,Daone,FRA
IFSC Paraclimbing Cup - Daone (ITA) 2010,Daone,ITA
IFSC Paraclimbing Cup - Chiba (JPN) 2010,Chiba,JPN
IFSC World Youth Championship - Edinburgh (GBR) - 2010,Edinburgh,GBR
Oceania Continental Championship - Auckland (NZL) 2010,Auckland,NZL
European Speed Cup - Friedrichshafen (GER) 2010,Friedrichshafen,GER
European Championship - Imst/Innsbruck (AUT) 2010,Imst/Innsbruck,AUT
European Speed Cup - Nicosia (CYP) 2010,Nicosia,CYP
"IFSC PanAmerican Championship (L, S, B) - Quito (ECU) 2010",Quito,ECU
"PanAmerican Youth Championship (L,S, B) - Ibarra (ECU)",Ibarra,ECU
Asian Continental Championship,,
CISM Winter Military World Games - Courmayeur (ITA) 2010,Courmayeur,ITA
International University Bouldering Trophy Avogadro - Pollone (ITA) 2010,Pollone,ITA
Regional European Competition  (L + S) - Volos and Almyros (GRE) 2010,Volos and Almyros,GRE
IFSC Climbing Worldcup (S) - Trento (ITA) 2010,Trento,ITA
IFSC Climbing Worldcup (B) - Greifensee (SUI) 2010,Greifensee,SUI
IFSC Climbing Worldcup (B) - Wien (AUT) 2010,Wien,AUT
IFSC Climbing Worldcup (B) - Vail (USA) 2010,Vail,USA
"IFSC Climbing Worldcup (B,S) - Moscow (RUS) 2010",Moscow,RUS
IFSC Climbing Worldcup (B) - Eindhoven (NED) 2010,Eindhoven,NED
IFSC Climbing Worldcup (B) - Sheffield (GBR) 2010,Sheffield,GBR
"IFSC Climbing Worldcup (L,S) - Chamonix (FRA) 2010",Chamonix,FRA
IFSC Climbing Worldcup (S) - Daone (ITA) 2010,Daone,ITA
IFSC Climbing Worldcup (B) - Munich (GER) 2010,Munich,GER
"IFSC Climbing Worldcup (L, S) - Xining (CHN) 2010",Xining,CHN
"IFSC Climbing Worldcup (L,S) - Chuncheon (KOR) 2010",Chuncheon,KOR
IFSC Climbing Worldcup (L) - Puurs (BEL) 2010,Puurs,BEL
"IFSC Climbing Worldcup (L, S) - Huaiji (CHN) 2010",Huaiji,CHN
IFSC Climbing Worldcup (L) - Kranj (SLO) 2010,Kranj,SLO
European Youth Series - Imst (AUT) 2010,Imst,AUT
European Youth Series - Friedrichschafen (GER) 2010,Friedrichschafen,GER
European Youth Series - Wien (AUT) 2010,Wien,AUT
European Youth Series - Veliko Tarnovo (BUL) 2010,Veliko Tarnovo,BUL
European Youth Series - Annecy (France) 2010,Annecy,FRA
European Youth Series - Kranj (SLO) 2010,Kranj,SLO
Asian Continental Championship - Huangshi (CHN) 2011,Huangshi,CHN
Promo Event - Bodensee Climbing Trophy - Dornbirn (AUT) 2010,Dornbirn,AUT
European Promo Event - Boulder - Sheffield (GBR) 2010,Sheffield,GBR
Promotional Event - Kitzbuhel (AUT) 2010,Kitzbuhel,AUT
Promotional Event - Melloblocco (ITA) 2010,,ITA
Promo Event - Melloblocco (ITA) 2010,,ITA
Intl. Event - Youth Color Climbing Festival - Imst (AUT) 2010,Imst,AUT
Intl. Event - Rock Junior - Arco (ITA) 2010,Arco,ITA
International Youth Event - Rockjunior - Arco (ITA) 2010,Arco,ITA
Ambrosia Boulder Contest - Zsombo (HUN) 2010,Zsombo,HUN
"Junior Climbing Marathon (B, L) - Traversella (ITA) 2010",Traversella,ITA
International Event - Petzen Climbing Trophy - Petzen (AUT) 2010,Petzen,AUT
"Intl. Youth Event - Petzen Climbing Trophy (L, S, B) - Petzen (AUT) 2010",Petzen,AUT
Rock Master - World Championship Pre-event - Arco (ITA),Arco,ITA
Rockmaster ARCO  2010 - Duel Lead,Arco,
European Youth Bouldering Event - L'Argeniere (FRA) 2010,L'Argeniere,FRA
Promo Event (B) - Boulder Promo - Argentiere (FRA) 2010,Argentiere,FRA
European Youth Bouldering Event - L'Argentiere (FRA) 2010,L'Argentiere,FRA
L'Argentiere Boulder Promo - L'Argentiere (FRA) 2010,L'Argentiere,FRA
"Lead International Event, Open International - Briancon (FRA) 2010",Briancon,FRA
HydroMaster Irkutsk - Irkutsk (RUS) 2010,Irkutsk,RUS
"Promotional Event - Youyang, Chongqing (CHN)",Chongqing,CHN
Jiangyin Rock Master - Jiangyin (CHN) 2010,Jiangyin,CHN
IFSC World Youth Championship - Imst (AUT) - 2011,Imst,AUT
IFSC Paraclimbing World Championship LEAD - Arco (ITA) 2011,Arco,ITA
IFSC Paraclimbing World Championship SPEED - Arco (ITA) 2011,Arco,ITA
26th South East Asian Games 2011 - Palembang and Jakarta (IDN) 2011,Palembang and Jakarta,IDN
Paraclimbing Cup Arco 2012 - Arco (ITA) 2012,Arco,ITA
IFSC Paraclimbing World Championship - Paris (FRA) 2012,Paris,FRA
Asian Youth Championship - Hamedan (IRI) 2012,Hamedan,IRI
IFSC World Youth Championship - Singapore (SIN) - 2012,Singapore,SIN
Asian Youth Championship - Singapore (SGP) 2011,Singapore,SGP
IFSC World Youth Championship - Central Saanich (CAN) - 2013,Central Saanich,CAN
"Asian Continental Championship - Leye, Guangxi (CHN) 2012",Guangxi,CHN
"Asian Cup (L, S) - Chengdu CHN) 2012",Chengdu,CHN
Promotional Event - CupOFF HUDY - Prague (CZE) 2011,Prague,CZE
European Promo Event - Boulder - Sheffield (GBR) 2011,Sheffield,GBR
Rheintal Cup - Kinder-Bouldertag Küblis (B),,
Promotional Event - Nordic Bouldering Championship - Bouldertehdas Turku (FIN) 2011,Bouldertehdas Turku,FIN
Rheintal Cup - Junior Cup Dornbirn (L),,
Rheintal Cup - Eidechsli Chur (L),,
Promotional Event - Melloblocco (ITA) 2011,,ITA
International under 14 Event - Atomska Mravka - Skopje (MKD) 2011,Skopje,MKD
Intl. Event - Youth Color Climbing Festival (under 14) - Imst (AUT) 2011,Imst,AUT
Promotional event - Unified Bouldering Championship - New York (USA) 2011,New York,USA
"Intl. Youth Event - Petzen Climbing Trophy (L, S, B) - Petzen (AUT) 2011",Petzen,AUT
Promotional Event - Mammut Blocmaster - Innsbruck (AUT) 2011,Innsbruck,AUT
Rockmaster Gala Duel - Arco (ITA) 2011,Arco,ITA
International Climbing Festival (under 14) - Veliko Tarnovo (BUL) 2011,Veliko Tarnovo,BUL
Promo event Adidas Rockstars - AREA 47 Otztal Bahnhof (AUT) 2011,Otztal Bahnhof,AUT
Promotional Event - Norwegian Rockmaster - Arendal (NOR) 2011,Arendal,NOR
Promotional Event - Les 24 heures du Mur (L) - Oloront Sainte Marie (FRA) 2011,Oloront Sainte Marie,FRA
Rheintal Cup - Megusta-Kids-Cup (L),,
Rheintal Cup - Megusta-Kids-Cup (S),,
Intl. Event - Rock Junior - Arco (ITA) 2011,Arco,ITA
Jiangyin Rock Master - Jiangyin (CHN) 2011,Jiangyin,CHN
Rheintal Cup Finale - Nikoloklettern Dornbirn (L),,
Asian Youth Championship - Surabaya (INA) 2013,Surabaya,INA
"IFSC Panamerican Championship (L, S, B) - San Juan de los Morros (VEN) 2012",San Juan de los Morros,VEN
"PanAmerican Youth Championship (L,S, B) - Santiago (CHI) 2012",Santiago,CHI
European Paraclimbing Lead Championship - Chamonix (FRA) 2013,Chamonix,FRA
Paraclimbing Cup Arco 2013 - Arco (ITA) 2013,Arco,ITA
Paraclimbing Cup London (Lead) 2013 - London (GBR) 2013,London,GBR
Paraclimbing Cup Laval (Boulder) 2013 - Laval (FRA) 2013,Laval,FRA
"2nd CISM World Winter Games ""Annecy-Chamonix 2013""",Annecy-Chamonix,
The World Games 2013 - Cali (COL) 2013,Cali,COL
"Asian Continental Championship - Tehran, (IRN) 2013",Tehran,IRN
European Youth Cup (S) - Tarnow (POL) 2011,Tarnow,POL
"European Youth Cup (L,S) - Edinburgh (GBR) 2011",Edinburgh,GBR
European Youth Cup (S) - Chamonix (FRA) 2011,Chamonix,FRA
European Youth Cup (S) - Friedrichshafen (GER) 2011,Friedrichshafen,GER
"European Youth Cup (L,S) - Veliko Tarnovo (BUL) 2011",Veliko Tarnovo,BUL
European Youth Cup (L) - Imst (AUT) 2011,Imst,AUT
European Youth Cup (B) - Meran (ITA) 2011,Meran,ITA
European Youth Cup (B)- Munich (GER) 2011,Munich,GER
European Youth Cup (L) - Pau (FRA) 2011,Pau,FRA
European Youth Cup (L)- Kranj (SLO) 2011,Kranj,SLO
"IFSC Climbing Worldcup (B,S) - Chongqing (CHN) 2012",Chongqing,CHN
IFSC Climbing Worldcup (B) - Log-Dragomer (SLO) 2012,Log-Dragomer,SLO
IFSC Climbing Worldcup (B) - Vienna (AUT) 2012,Vienna,AUT
IFSC Climbing Worldcup (B) - Innsbruck (AUT) 2012,Innsbruck,AUT
IFSC Climbing Worldcup (B) - Vail (USA) 2012,Vail,USA
"IFSC Climbing Worldcup (L,S) - Chamonix (FRA) 2012",Chamonix,FRA
IFSC Climbing Worldcup (L) - Briançon (FRA) 2012,Briançon,FRA
IFSC Climbing Worldcup (S) - Val Daone (ITA) 2012,Val Daone,ITA
IFSC Climbing Worldcup (L) - Imst (AUT) 2012,Imst,AUT
IFSC Climbing Worldcup (B) - Munich (GER) 2012,Munich,GER
IFSC Climbing Worldcup (S) - Arco (ITA) 2012,Arco,ITA
IFSC World Championship Lead Group A - Paris 2012,Paris,
IFSC World Championship Lead Group B - Paris 2012,Paris,
IFSC Climbing World Championship - Paris (FRA) 2012,Paris,FRA
IFSC Climbing Worldcup (L) - Puurs (BEL) 2012,Puurs,BEL
IFSC Climbing Worldcup (L) - Atlanta (USA) 2012,Atlanta,USA
"IFSC Climbing Worldcup (L,S) - Xining (CHN) 2012",Xining,CHN
"IFSC Climbing Worldcup (L,S) - Mokpo (KOR) 2012",Mokpo,KOR
IFSC Climbing Worldcup (L) - Inzai (JPN) 2012,Inzai,JPN
IFSC Climbing Worldcup (L) - Kranj (SLO) 2012,Kranj,SLO
Oceania International Open - Katoomba (AUS) 2014,Katoomba,AUS
Asian University Climbing Championships - Singapore (SIN) 2014,Singapore,SIN
Youth Olympic Games Nanjing (CHN) - Sports Lab - Climbing Showcase,Nanjing,CHN
"PanAmerican Youth Championship (L,S, B) - Mexico City (MEX) 2014",Mexico City,MEX
"IFSC World Youth Championship - Noumea, New Caledonia (FRA) - 2014",New Caledonia,FRA
IFSC World Youth Championships - Arco (ITA) - 2015,Arco,ITA
Promo Event - The Climbing Works International Festival (B) - Sheffield (GBR) 2014,Sheffield,GBR
Kia World Extreme Games - Shanghai (CHN) 2014,Shanghai,CHN
Intl. Event - Youth Color Climbing Festival (under 14) - Imst (AUT) 2014,Imst,AUT
"Intl. Youth Event - Petzen Climbing Trophy (L, S, B) - Petzen (AUT) 2014",Petzen,AUT
European Promo Event (S) - Munich (GER) 2014,Munich,GER
Promotional Event - Tout à Bloc (B) - L'Argentière la Bessée (FRA) 2014,L'Argentière la Bessée,FRA
"Intl. Event Open for Rockmaster (L, B) - Arco (ITA) 2014",Arco,ITA
"Intl. Event (L, B) - ROCKMASTER - Arco (ITA) 2014",Arco,ITA
Intl. Event - Rock Junior - Arco (ITA) 2014,Arco,ITA
Promotional Event - Adidas Rockstars (B) - Stuttgart (GER) 2014,Stuttgart,GER
Promotional Event - 24 heures du mur (L) - Oloron Sainte Marie (FRA) 2014,Oloron Sainte Marie,FRA
"European Cup (L, S) - Ekaterinburg (RUS) 2013",Ekaterinburg,RUS
"European Championship (L,S) - Chamonix (FRA) 2013",Chamonix,FRA
European Championship (B) - Eindhoven (NED) 2013,Eindhoven,NED
22th Asian Continental Championship - Lombok (INA) 2014,Lombok,INA
European Universities Sport Climbing Championship - Katowice (POL) 2015,Katowice,POL
Asian Continental Championship - Ningbo (CHN) 2015,Ningbo,CHN
Oceania Continental Championship - Nouméa (New Caledonia) 2013,Nouméa,NCL
European Championship (B) - Innsbruck (AUT) 2015,Innsbruck,AUT
"European Championship (L,S) - Chamonix (FRA) 2015",Chamonix,FRA
Promotional Event - Gravical (B) - Singapore (SIN) 2015,Singapore,SIN
IFSC World Climbing Camp @ The Boulders,,
Promo Event - The Climbing Works International Festival (B) - Sheffield (GBR) 2015,Sheffield,GBR
Kia World Extreme Games - Speed Climbing - Shanghai (CHN) 2015,Shanghai,CHN
Intl. Event - Youth Color Climbing Festival (under 14) - Imst (AUT) 2015,Imst,AUT
"Intl. Youth Event - Petzen Climbing Trophy (L, S, B) - Petzen (AUT) 2015",Petzen,AUT
Promotional Event (S) - Gaflenz (AUT) 2015,Gaflenz,AUT
Torino European Climbing Challenge (L) - Torino (ITA) 2015,Torino,ITA
Master Event - Adidas Rockstars (B) - Stuttgart (GER) 2015,Stuttgart,GER
Promotional Event - 24 heures du mur (L) - Oloron Sainte Marie (FRA) 2015,Oloron Sainte Marie,FRA
Intl. Event - Fajr Master - Zanjan (IRI) 2012,Zanjan,IRI
European Promo Event (B) - Sheffield (GBR) 2012,Sheffield,GBR
Intl. Event - Master de Bouldering The North Face (CHI) 2012,The North Face,CHI
Rheintal Cup - Junior Cup Dornbirn (L) 2012,Dornbirn,
Rheintal Cup - Bouldertag Küblis (B) 2012,Bouldertag Küblis,
Promotional Event - Melloblocco (ITA) 2012,,ITA
Rheintal Cup - Eidechsli Chur (L) 2012,Eidechsli Chur,
Promotional Event - namBa HIPS CUP (L) (JPN) 2012,namBa HIPS CUP,JPN
Intl. Event - Youth Color Climbing Festival (under 14) - Imst (AUT) 2012,Imst,AUT
Promotional Event - Copa Aldea (L) Lunahuana (PER) 2012,Lunahuana,PER
Promotional Event - Festival del Andinismo 2012 (L - S) Huaraz (PER) 2012,Huaraz,PER
European Promo Event (S) - Munich (GER) 2012,Munich,GER
"Intl. Youth Event - Petzen Climbing Trophy (L, S, B) - Petzen (AUT) 2012",Petzen,AUT
Promotional Event - European OutDoor Speedcup (S) - Friedrichshafen (GER) 2012,Friedrichshafen,GER
Promotional Event - Adidas Rockstars (B) - Stuttgart (GER) 2012,Stuttgart,GER
Intl. Event - Rock Junior - Arco (ITA) 2012,Arco,ITA
"Intl. Event Open for Rockmaster (L, B) - Arco (ITA) 2012",Arco,ITA
"Intl. Event (L, B) - ROCKMASTER - Arco (ITA) 2012",Arco,ITA
Rheintal Cup - Megusta Cup Chur 2012,Chur,
Rheintal Cup - Megusta Cup Chur (S) 2012,Chur,
Promotional Event - Les 24 heures du Mur (L) - Oloront Sainte Marie (FRA) 2012,Oloront Sainte Marie,FRA
Wujiang Rock Master - Wujiang (CHN) 2012,Wujiang,CHN
Rheintal Cup - Nikoloklettern Dornbirn (L) 2012,Nikoloklettern Dornbirn,
Promo Event - The Climbing Works International Festival (B) - Sheffield (GBR) 2013,Sheffield,GBR
Promotional Event - Melloblocco 10th anniversary (ITA) 2013,Melloblocco anniversary,ITA
Promotional Event - namBa HIPS CUP (L) - Osaka (JPN) 2013,Osaka,JPN
Intl. Event - Youth Color Climbing Festival (under 14) - Imst (AUT) 2013,Imst,AUT
Promotional Event - Adidas Rockstars Korea (B) - Seoul (KOR) 2013,Seoul,KOR
Kia World Extreme Games - Shanghai (CHN) 2013,Shanghai,CHN
"Promotional Event - Adidas Rockstars China (B) - Shanghai, Century Plaza (CHN) 2013",Century Plaza,CHN
"Intl. Youth Event - Petzen Climbing Trophy (L, S, B) - Petzen (AUT) 2013",Petzen,AUT
European Promo Event (S) - Munich (GER) 2013,Munich,GER
International Event (S) - Val Daone (ITA) 2013,Val Daone,ITA
Promotional Event - Tout à Bloc (B) - L'Argentière la Bessée (FRA) 2013,L'Argentière la Bessée,FRA
Intl. Event - Rock Junior - Arco (ITA) 2013,Arco,ITA
"Intl. Event Open for Rockmaster (L, B) - Arco (ITA) 2013",Arco,ITA
"Intl. Event (L, B) - ROCKMASTER - Arco (ITA) 2013",Arco,ITA
Promotional Event - Adidas Rockstars (B) - Stuttgart (GER) 2013,Stuttgart,GER
International under 14 Event - Atomska Mravka - Skopje (MKD) 2013,Skopje,MKD
Promotional Event - 24 heures du mur (L) - Oloron Sainte Marie (FRA) 2013,Oloron Sainte Marie,FRA
Promotional Event -  (L) - Haiyang (CHN) 2013,Haiyang,CHN
"Promotional Event -  (B,L) - Moscow (RUS) 2013",Moscow,RUS
European Youth Cup (L) - Imst (AUT) 2014,Imst,AUT
"European Youth Championship (L,S) - Edinburgh 2014",Edinburgh,
European Youth Cup (S) - Imst (AUT) 2014,Imst,AUT
European Youth Cup (S) - Chamonix (FRA) 2014,Chamonix,FRA
European Youth Cup (B) - L'Argentière (FRA) 2014,L'Argentière,FRA
European Youth Cup (B) - Laengenfeld/Oetzal (AUT) 2014,Laengenfeld/Oetzal,AUT
European Youth Championship (B) - Arco (ITA) 2014,Arco,ITA
Paraclimbing Cup (L) - Imst (AUT) 2015,Imst,AUT
Paraclimbing Cup (L) - Chamonix (FRA) 2015,Chamonix,FRA
Paraclimbing Cup (L) - Sheffield (GBR) 2015,Sheffield,GBR
Asian Continental Championship - Duyun (CHN) 2016,Duyun,CHN
Asian Youth Championship - Putrajaya (MAS) 2015,Putrajaya,MAS
"IFSC Climbing Worldcup (B,S) - Milano (ITA) 2011",Milano,ITA
IFSC Climbing Worldcup (B) - Log-Dragomer (SLO) 2011,Log-Dragomer,SLO
IFSC Climbing Worldcup (B) - Vienna (AUT) 2011,Vienna,AUT
IFSC Climbing Worldcup (B) - Canmore (CAN) 2011,Canmore,CAN
IFSC Climbing Worldcup (B) - Vail (USA) 2011,Vail,USA
IFSC Climbing Worldcup (B) - Eindhoven (NED) 2011,Eindhoven,NED
IFSC Climbing Worldcup (B) - Barcelona (ESP) 2011,Barcelona,ESP
IFSC Climbing Worldcup (B) - Sheffield (GBR) 2011,Sheffield,GBR
"IFSC Climbing Worldcup (L,S) - Chamonix (FRA) 2011",Chamonix,FRA
IFSC Climbing World Championships  - Arco (ITA) 2011,Arco,ITA
IFSC World Championship Lead Group A - Arco 2011,Arco,
IFSC World Championship Lead Group B - Arco 2011,Arco,
IFSC Climbing Worldcup (L) - Briançon (FRA) 2011,Briançon,FRA
IFSC Climbing Worldcup (S) - Daone (ITA) 2011,Daone,ITA
IFSC Climbing Worldcup (B) - Munich (GER) 2011,Munich,GER
"IFSC Climbing Worldcup (L,S) - Xining (CHN) 2011",Xining,CHN
"IFSC Climbing Worldcup (L,S) - Changzhi (CHN) 2011",Changzhi,CHN
IFSC Climbing Worldcup (L) - Puurs (BEL) 2011,Puurs,BEL
IFSC Climbing Worldcup (L) - Boulder (USA) 2011,Boulder,USA
IFSC Climbing Worldcup (L) - Amman (JOR) 2011,Amman,JOR
IFSC Climbing Worldcup (L) - Valence (FRA) 2011,Valence,FRA
IFSC Climbing Worldcup (L) - Kranj (SLO) 2011,Kranj,SLO
IFSC Climbing Worldcup (L) - Barcelona (ESP) 2011,Barcelona,ESP
Asian Youth Championship - Tehran (IRI) 2016,Tehran,IRI
"European Universities Games (L, S, B) - Zagreb (CRO) 2016",Zagreb,CRO
Promotional Event Just Climb Cup (B) - Hong Kong (HKG) 2016,Hong Kong,HKG
Promotional Event Gravical (B) - Singapore (SIN) 2016,Singapore,SIN
Promo Event - The Climbing Works International Festival (B) - Sheffield (GBR) 2016,Sheffield,GBR
"Promotional Event in memory of Pavel Samoilin (L, S) - Crimea 2016",Crimea,
Master Event  (B) - Nanjing (CHN) 2016,Nanjing,CHN
Promotional Event (B) IMF GIRIVIHAR - Navi Mumbai (IND) 2016,Navi Mumbai,IND
Intl. Event - Youth Color Climbing Festival (under 14) - Imst (AUT) 2016,Imst,AUT
Master Event - Tout à Bloc (B) - L'Argentière la Bessée (FRA) 2016,L'Argentière la Bessée,FRA
"Intl. Event (L, B) - ROCKMASTER - Arco (ITA) 2016",Arco,ITA
Intl. Event - Rock Junior - Arco (ITA) 2016,Arco,ITA
Master Event - Adidas Rockstars (B) - Stuttgart (GER) 2016,Stuttgart,GER
Paraclimbing Cup Laval (Boulder) 2014 - Laval (FRA) 2014,Laval,FRA
Paraclimbing Cup Imst (Lead) 2014 - Imst (AUT) 2014,Imst,AUT
Paraclimbing Cup Arco 2014 - Arco (ITA) 2014,Arco,ITA
IFSC Paraclimbing World Masters - Gijon (ESP) 2014,Gijon,ESP
IFSC Paraclimbing World Championship - Gijon (ESP) 2014,Gijon,ESP
Paraclimbing Cup Sheffield (Lead) 2014 - Sheffield (GBR) 2014,Sheffield,GBR
Asian Continental Championships - Tehran (IRI) 2017,Tehran,IRI
Asia Cup - Wanxianshan (CHN) 2017,Wanxianshan,CHN
Asia K Climbing Championship - Singapore (SGP) 2017,Singapore,SGP
IFSC Youth World Championships - Innsbruck (AUT) - 2017,Innsbruck,AUT
IFSC Youth World Championships Combined - Innsbruck (AUT) - 2017,Innsbruck,AUT
3rd CISM World Winter Games - Sochi (RUS) 2017,Sochi,RUS
The World Games 2017 - Wroclaw (POL) 2017,Wroclaw,POL
"African Youth A YOG - Johannesburg, Gauteng (RSA) 2017",Gauteng,RSA
PanAmerican Youth Championship Combined - Montreal (CAN) 2017,Montreal,CAN
"PanAmerican Youth Championship (L, S, B) - Montreal (CAN) 2017",Montreal,CAN
IFSC Youth World Championships -  Moscow (RUS) 2018,Moscow,RUS
Asian Youth Championships - Chongqing (CHN) 2018,Chongqing,CHN
Paraclimbing Master (L) - Imst (AUT) 2018,Imst,AUT
Paraclimbing Cup (L) - Briançon (FRA) 2018,Briançon,FRA
IFSC Paraclimbing World Championships - Innsbruck (AUT) 2018,Innsbruck,AUT
"IFSC Climbing Worldcup (B,S) - Chongqing (CHN) 2014",Chongqing,CHN
"IFSC Climbing Worldcup (B,S) - Baku (AZE) 2014",Baku,AZE
IFSC Climbing Worldcup (B) - Grindelwald (SUI) 2014,Grindelwald,SUI
IFSC Climbing Worldcup (B) - Innsbruck (AUT) 2014,Innsbruck,AUT
IFSC Climbing Worldcup (B) - Toronto (CAN) 2014,Toronto,CAN
IFSC Climbing Worldcup (B) - Vail (USA) 2014,Vail,USA
"IFSC Climbing Worldcup (L, B, S) - Haiyang (CHN) 2014",Haiyang,CHN
IFSC Climbing Worldcup (B) - Laval (FRA) 2014,Laval,FRA
"IFSC Climbing Worldcup (L,S) - Chamonix (FRA) 2014",Chamonix,FRA
IFSC Climbing Worldcup (L) - Briançon (FRA) 2014,Briançon,FRA
IFSC Climbing Worldcup (L) - Imst (AUT) 2014,Imst,AUT
IFSC Climbing World Championship (B) - Munich (GER) 2014,Munich,GER
IFSC Climbing Worldcup (S) - Arco (ITA) 2014,Arco,ITA
"IFSC Climbing World Championship (L, S) - Gijon (ESP) 2014",Gijon,ESP
"IFSC Climbing Worldcup (L,S) - Mokpo (KOR) 2014",Mokpo,KOR
"IFSC Climbing Worldcup (L,S) - Wujiang (CHN) 2014",Wujiang,CHN
IFSC Climbing Worldcup (L) - Inzai (JPN) 2014,Inzai,JPN
IFSC Climbing Worldcup (L) - Kranj (SLO) 2014,Kranj,SLO
World University Championships - Shanghai (CHN) 2016,Shanghai,CHN
"IFSC PanAmerican Championship (L, S, B, C) - Guayaquil (ECU) 2018",Guayaquil,ECU
Paraclimbing Cup (L) - Campitello di Fassa (ITA) 2016,Campitello di Fassa,ITA
Paraclimbing Master (L) - Imst (AUT) 2016,Imst,AUT
IFSC Paraclimbing World Championships - Paris (FRA) 2016,Paris,FRA
Paraclimbing Cup (L) - Sheffield (GBR) 2016,Sheffield,GBR
Asian Games 2018 - Jakarta Palembang (INA) 2018 - Climbing period,Jakarta Palembang,INA
Youth Olympic Games - Buenos Aires (ARG) 2018,Buenos Aires,ARG
"European Championship (L,S) - Campitello di Fassa (ITA) 2017",Campitello di Fassa,ITA
European Championship (B) - Munich (GER) 2017,Munich,GER
"IFSC Climbing Worldcup (B,S) - Chongqing (CHN) 2013",Chongqing,CHN
IFSC Climbing Worldcup (B) - Millau (FRA) 2013,Millau,FRA
IFSC Climbing Worldcup (B) - Kitzbühel (AUT) 2013,Kitzbühel,AUT
IFSC Climbing Worldcup (B) - Log-Dragomer (SLO) 2013,Log-Dragomer,SLO
IFSC Climbing Worldcup (B) - Innsbruck (AUT) 2013,Innsbruck,AUT
IFSC Climbing Worldcup (B) - Toronto (CAN) 2013,Toronto,CAN
IFSC Climbing Worldcup (B) - Vail (USA) 2013,Vail,USA
IFSC Climbing Worldcup (S) - Baku (AZE) 2013,Baku,AZE
IFSC Climbing Worldcup (L) - Briançon (FRA) 2013,Briançon,FRA
IFSC Climbing Worldcup (L) - Imst (AUT) 2013,Imst,AUT
IFSC Climbing Worldcup (B) - Munich (GER) 2013,Munich,GER
IFSC Climbing Worldcup (S) - Arco (ITA) 2013,Arco,ITA
IFSC Climbing Worldcup (L) - Puurs (BEL) 2013,Puurs,BEL
"IFSC Climbing Worldcup (L,S) - Perm (RUS) 2013",Perm,RUS
"IFSC Climbing Worldcup (L,S) - Mokpo (KOR) 2013",Mokpo,KOR
IFSC Climbing Worldcup (S) - Haiyang (CHN) 2013,Haiyang,CHN
"IFSC Climbing Worldcup (L,S) - Wujiang (CHN) 2013",Wujiang,CHN
IFSC Climbing Worldcup (L) - Valence (FRA) 2013,Valence,FRA
IFSC Climbing Worldcup (L) - Kranj (SLO) 2013,Kranj,SLO
Asian Youth Championships - Singapore (SGP) 2017,Singapore,SGP
IFSC World Youth Championships - Guangzhou (CHN) - 2016,Guangzhou,CHN
World University Championships - Bratislava (SVK) 2018,Bratislava,SVK
CISM Climbing Indoor World Military Championships - Moscow (RUS) 2018,Moscow,RUS
Paraclimbing Master (L) - Imst (AUT) 2017,Imst,AUT
Paraclimbing Cup (L) - Briançon (FRA) 2017,Briançon,FRA
Paraclimbing Cup (L) - Edinburgh (GBR) 2017,Edinburgh,GBR
Paraclimbing Cup (L) - Sheffield (GBR) 2017,Sheffield,GBR
Promotional Event Kailas x Just Climb Cup (B) - Hong Kong (HKG) 2017,Hong Kong,HKG
Promotional Event Gravical (B) - Singapore (SGP) 2017,Singapore,SGP
Promo Event - The Climbing Works International Festival (B) - Sheffield (GBR) 2017,Sheffield,GBR
Master Event - Studio Bloc Masters 2017 - Pfungstadt (GER) 2017,Pfungstadt,GER
Promotional Event - Melloblocco (ITA) 2017,,ITA
Promo Event - The Rock Ljubljana  (B) - (SLO) 2017,Ljubljana,SLO
Promotional Event (B) - Climbing Boulder Montpellier (FRA) 2017,Montpellier,FRA
Asia Sports For All Pumpfest - Singapore (SGP) 2017,Singapore,SGP
Promo Event - Millau Natural Games (B) - (FRA) 2017,Millau,FRA
"Intl. Youth Event - Petzen Climbing Trophy (L, S, B) - Petzen (AUT) 2017",Petzen,AUT
Intl. Event - Rock Junior - Arco (ITA) 2017,Arco,ITA
"Intl. Event (L, B) - ROCKMASTER - Arco (ITA) 2017",Arco,ITA
Promotional Event Bouldering Championship - Bangalore (IND) 2017,Bangalore,IND
Master Event - Adidas Rockstars (B) - Stuttgart (GER) 2017,Stuttgart,GER
Promotional Event - 24 heures du mur (L) - Oloron Sainte Marie (FRA) 2017,Oloron Sainte Marie,FRA
China Open Qualification - Guangzhou (CHN) 2017,Guangzhou,CHN
China Open - Guangzhou (CHN) 2017,Guangzhou,CHN
Promotional Event Gravical (B) - Singapore (SGP) 2018,Singapore,SGP
Promo Event - The Climbing Works International Festival (B) - Sheffield (GBR) 2018,Sheffield,GBR
International Climbing Series - Studio Bloc Masters 2018 - Pfungstadt (GER) 2018,Pfungstadt,GER
Promo Event - Delfts Bleau International Youth Open - Delft (NED) 2018,Delft,NED
International Climbing Series - FISE World Series Hiroshima 2018,Hiroshima,
"International Climbing Series - Outdoor Village Speed Stars - Akishima, Tokyo (JPN) 2018",Tokyo,JPN
Asia Sport For All R.O.X. Zero Gravity (B) - Manila (PHI) 2018,Manila,PHI
International Climbing Series - Triglav The Rock Ljubljana (SLO) 2018,Triglav The Rock Ljubljana,SLO
Promo Event - International Climbing Elite Tournament (L + S) - Ningbo (CHN) 2018,Ningbo,CHN
Promo Event - Youth Color Climbing Festival (under 14) - Imst (AUT) 2018,Imst,AUT
"Promo Event - Youth Petzen Climbing Trophy (L, S, B) - Petzen (AUT) 2018",Petzen,AUT
Promo Event - International Climbing Elite Tournament (L + S) - Delingha(CHN) 2018,Delingha,CHN
Promotional Event - Tout à Bloc (B) - L'Argentière la Bessée (FRA) 2018,L'Argentière la Bessée,FRA
Promotional Youth Event -  Flatlander Cup - Arnhem (NED) 2018,Arnhem,NED
International Climbing Series - Adidas Rockstars (B) - Stuttgart (GER) 2018,Stuttgart,GER
Promo Event - International Climbing Elite Tournament (L+S) - Anshun (CHN) 2018,Anshun,CHN
International Climbing Series - Les 24 Heures du Mur (L) - Oloron Sainte Marie (FRA) 2018,Oloron Sainte Marie,FRA
Promo Event - International Climbing Elite Tournament (L+S) - Huai’an (CHN) 2018,Huai’an,CHN
Promo Event - International Climbing Elite Tournament (L+S) - Wanxianshan (CHN) 2018,Wanxianshan,CHN
International Climbing Series - China Open Semifinals & Finals - Guanzhou (CHN) 2018,Guanzhou,CHN
International Climbing Series - China Open - Guangzhou (CHN) 2018,Guangzhou,CHN
Promo Event - International Climbing Elite Tournament (L+S) - Leye (CHN) 2018,Leye,CHN
Paraclimbing Master (L) - Imst (AUT) 2019,Imst,AUT
IFSC Paraclimbing World Championships - Briançon (FRA) 2019,Briançon,FRA
Paraclimbing Open (L) - Sittard (NED) 2019,Sittard,NED
European Youth Cup (S) - Tarnow (POL) 2016,Tarnow,POL
European Youth Cup (B) - Soure (POR) 2016,Soure,POR
European Youth Cup (L) - Imst (AUT) 2016,Imst,AUT
European Youth Cup (B) - Graz (AUT) 2016,Graz,AUT
European Youth Cup (B) - Warsaw (POL) 2016,Warsaw,POL
European Youth Cup (B) - L'Argentière (FRA) 2016,L'Argentière,FRA
European Youth Championships (B) - Langenfeld (AUT) 2016,Langenfeld,AUT
"European Youth Championships (L,S) - Mitterdorf (AUT) 2016",Mitterdorf,AUT
European Youth Cup (S) - Imst (AUT) 2016,Imst,AUT
Oceania Continental Championship - Sidney (AUS) 2016,Sidney,AUS
"Intl. Youth Event - Petzen Climbing Trophy (L, S, B) - Petzen (AUT) 2016",Petzen,AUT
Promotional Event - 24 heures du mur (L) - Oloron Sainte Marie (FRA) 2016,Oloron Sainte Marie,FRA
ANOC World Beach Games (B) - Doha (QAT),Doha,QAT
IFSC Climbing Worldcup (S) - Central Saanich (CAN) 2015,Central Saanich,CAN
IFSC Climbing Worldcup (B) - Toronto (CAN) 2015,Toronto,CAN
IFSC Climbing Worldcup (B) - Vail (USA) 2015,Vail,USA
"IFSC Climbing Worldcup (B,S) - Chongqing (CHN) 2015",Chongqing,CHN
"IFSC Climbing Worldcup (B,S) - Haiyang (CHN) 2015",Haiyang,CHN
"IFSC Climbing Worldcup (L,S) - Chamonix (FRA) 2015",Chamonix,FRA
IFSC Climbing Worldcup (L) - Briançon (FRA) 2015,Briançon,FRA
IFSC Climbing Worldcup (L) - Imst (AUT) 2015,Imst,AUT
IFSC Climbing Worldcup (B) - Munich (GER) 2015,Munich,GER
IFSC Climbing Worldcup (L) - Stavanger (NOR) 2015,Stavanger,NOR
IFSC Climbing Worldcup (L) - Puurs (BEL) 2015,Puurs,BEL
"IFSC Climbing Worldcup (L,S) - Wujiang (CHN) 2015",Wujiang,CHN
IFSC Climbing Worldcup (L) - Kranj (SLO) 2015,Kranj,SLO
"Asia K Climbing Championship - Huairou, Beijing (CHN) 2019",Beijing,CHN
Asian Championships - Bogor (INA) 2019,Bogor,INA
"IFSC European Cup (B,S) - Innsbruck (AUT) 2019",Innsbruck,AUT
European Championship (B) - Zakopane (POL) 2019,Zakopane,POL
"European Championship (L,S) - Edinburgh (GBR) 2019",Edinburgh,GBR
"Oceania Continental Championships & Oceania Youth Championships (L,S,B) - Noumea (FRA) 2017",Noumea,FRA
Asian Combined Youth Championships - Chongqing (CHN) 2019,Chongqing,CHN
Asian Youth Championships - Bengaluru (IND) 2019,Bengaluru,IND
"PanAmerican Youth Championships (L, S, B) - Ibarra (ECU) 2019",Ibarra,ECU
PanAmerican Youth Championships Combined - Ibarra (ECU) 2019,Ibarra,ECU
ISF World Schools Championships Climbing - Aubenas (FRA) 2019,Aubenas,FRA
European Universities Sport Climbing Championship - Katowice (POL) 2019,Katowice,POL
IFSC Combined Qualifier - Toulouse/Tournefeuille (FRA) 2019,Toulouse/Tournefeuille,FRA
"European Youth Cup (L,S) - Edinburgh (GBR) 2012",Edinburgh,GBR
"European Youth Cup (L,S) - Moscow (RUS) 2012",Moscow,RUS
European Youth Cup (B) - Grindelwald (SUI) 2012,Grindelwald,SUI
European Youth Cup (L) - Voiron (FRA) 2012,Voiron,FRA
European Youth Cup (L) - Linz (AUT) 2012,Linz,AUT
European Youth Cup (S) - Chamonix (FRA) 2012,Chamonix,FRA
European Youth Cup (B) - L'Argentière (FRA) 2012,L'Argentière,FRA
European Youth Cup (L) - Imst (AUT) 2012,Imst,AUT
European Youth Cup (S) - Pieve (ITA) 2012,Pieve,ITA
"European Youth Championship (L,S) - Gémozac (FRA) 2012",Gémozac,FRA
European Youth Cup (L) - Kranj (SLO) 2012,Kranj,SLO
Asia Cup (B) - Hong Kong (HKG) 2018,Hong Kong,HKG
"Asia Cup (B,S) - Bangkok (THA) 2018",Bangkok,THA
Asian Championships - Kurayoshi (JPN) 2018,Kurayoshi,JPN
Asian Championships Combined - Kurayoshi (JPN) 2018,Kurayoshi,JPN
Asia K Climbing Championship - Krabi/Bangkok (THA) 2018,Krabi/Bangkok,THA
Olympic Games (C) - Tokyo (JPN) 2020,Tokyo,JPN
"Asian Youth Games (L,S) - Shantou (CHN) 2021",Shantou,CHN
"IFSC - Climbing Youth World Championships (B,L,S) - Voronezh (RUS) 2021",Voronezh,RUS
IFSC - Climbing World Cup (B) - Meiringen (SUI) 2021,Meiringen,SUI
IFSC - Climbing World Cup (B) - Salt Lake City (USA) 2021,Salt Lake City,USA
"IFSC - Climbing World Cup (B,S) - Salt Lake City (USA) 2021",Salt Lake City,USA
"IFSC - Climbing World Cup (B,L) - Innsbruck (AUT) 2021",Innsbruck,AUT
"IFSC - Climbing World Cup (L,S) - Villars (SUI) 2021",Villars,SUI
IFSC - Climbing World Cup (L) - Chamonix (FRA) 2021,Chamonix,FRA
IFSC - Climbing World Cup (L) - Briançon (FRA) 2021,Briançon,FRA
IFSC - Climbing World Cup (L) - Kranj (SLO) 2021,Kranj,SLO
"IFSC - Climbing World Championships (B,L,S) - Moscow 2021",Moscow,
"IFSC - Climbing World Cup (B,S) - Seoul (KOR) 2021 - CANCELLED",Seoul,KOR
International Climbing Series - Studio Bloc Masters 2019 - Pfungstadt (GER) 2019,Pfungstadt,GER
Promo Event - Delfts Bleau International Youth Open - Delft (NED) 2019,Delft,NED
International Climbing Series - FISE World Series Hiroshima 2019,Hiroshima,
"International Climbing Series - Outdoor Village Speed Stars - Akishima, Tokyo (JPN) 2019",Tokyo,JPN
International Climbing Series - Triglav The Rock Ljubljana (SLO) 2019,Triglav The Rock Ljubljana,SLO
Promo Event - Youth Color Climbing Festival (under 14) - Imst (AUT) 2019,Imst,AUT
"Promo Event - Youth Petzen Climbing Trophy (L, S, B) - Petzen (AUT) 2019",Petzen,AUT
Promotional Youth Event -  Flatlander Cup - Arnhem (NED) 2019,Arnhem,NED
International Climbing Series - Adidas Rockstars (B) - Stuttgart (GER) 2019,Stuttgart,GER
International Climbing Series - China Open - Guangzhou (CHN) 2019,Guangzhou,CHN
International Climbing Series - Triglav The Rock - Ljubljana (SLO) 2021,Ljubljana,SLO
International Climbing Series - Rock Master - Arco (ITA) 2021,Arco,ITA
IFSC Europe - Continental Cup (B) - Klagenfurt (AUT) 2021,Klagenfurt,AUT
IFSC Europe - Continental Cup (B) - Belgrad (SRB) 2021 - CANCELLED,Belgrad,SRB
IFSC Europe - Continental Cup (S) - Innsbruck (AUT) 2021,Innsbruck,AUT
IFSC Europe - Continental Cup (S) - Gaflenz (AUT) 2021,Gaflenz,AUT
IFSC Europe - Continental Cup (B) - Krakow (POL) 2021,Krakow,POL
"IFSC Europe - Continental Cup (L,S) - Laval (FRA) 2021",Laval,FRA
"IFSC Europe - Continental Cup (L,S) - Tyumen (RUS) 2021 - CANCELLED",Tyumen,RUS
"IFSC Africa - Continental Championships (B,S,L) - Johannesburg (RSA) 2021",Johannesburg,RSA
IFSC Asia - K Continental Championships - Jamshedpur (IND),Jamshedpur,IND
IFSC Climbing Worldcup (B) - Meiringen (SUI) 2016,Meiringen,SUI
IFSC Climbing Worldcup (B) - Kazo (JPN) 2016,Kazo,JPN
"IFSC Climbing Worldcup (B, S) - Chongqing (CHN) 2016",Chongqing,CHN
IFSC Climbing Worldcup (S) - Nanjing (CHN) 2016,Nanjing,CHN
IFSC Climbing Worldcup (B) - Navi Mumbai (IND) 2016,Navi Mumbai,IND
IFSC Climbing Worldcup (B) - Innsbruck (AUT) 2016,Innsbruck,AUT
IFSC Climbing Worldcup (B) - Vail (USA) 2016,Vail,USA
"IFSC Climbing Worldcup (L,S) -Chamonix (FRA) 2016",Chamonix,FRA
"IFSC Climbing Worldcup (L, S) - Villars (SUI) 2016",Villars,SUI
IFSC Climbing Worldcup (L) - Briançon (FRA) 2016,Briançon,FRA
IFSC Climbing Worldcup (B) - Munich (GER) 2016,Munich,GER
IFSC Climbing Worldcup (L) - Imst (AUT) 2016,Imst,AUT
"IFSC Climbing Worldcup (L, S) - Arco (ITA) 2016",Arco,ITA
IFSC Climbing World Championships - Paris (FRA) 2016,Paris,FRA
IFSC Climbing Worldcup (S) -  Wujiang (CHN) 2016,Wujiang,CHN
"IFSC Climbing Worldcup (L, S) - Xiamen (CHN) 2016",Xiamen,CHN
IFSC Climbing Worldcup (L) - Kranj (SLO) 2016,Kranj,SLO
"IFSC Pan Am - Continental Championships (B,S,L) - Ibarra (ECU) 2021",Ibarra,ECU
IFSC Youth World Championships -  Arco (ITA) 2019,Arco,ITA
European Youth Championship (B) - Grindelwald (SUI) 2013,Grindelwald,SUI
"European Youth Cup (L, S) - Edinburgh (GBR) 2013",Edinburgh,GBR
European Youth Cup (B) - Sofia (BUL) 2013,Sofia,BUL
European Youth Cup (S) - Imst (AUT) 2013,Imst,AUT
European Youth Cup (S) - Chamonix (FRA) 2013,Chamonix,FRA
European Youth Cup (B) - L'Argentière (FRA) 2013,L'Argentière,FRA
"European Youth Championship (L,S) - Imst (AUT) 2013",Imst,AUT
European Youth Cup (L) - Stavanger (NOR) 2013,Stavanger,NOR
European Youth Cup (B) - Laval (FRA) 2013,Laval,FRA
International Climbing Series - Rock Master - Arco (ITA) 2022,Arco,ITA
Promo Event - Delfts Bleau International Youth Open - Delft (NED) 2022,Delft,NED
International Climbing Series - The internationals of Mayenne (B&L) - Laval (FRA) 2022,Laval,FRA
IFSC - Test Event (B&L) - Barcelona (ESP) 2022,Barcelona,ESP
"FISU University Championships (B,S,L) - Innsbruck (AUT) 2022",Innsbruck,AUT
"IFSC Asia - Continental Championships (B, L, S, B&L) - Republic of Korea 2022",Republic of Korea,
IFSC Asia - Continental Cup (B) - Manila (PHI) 2022,Manila,PHI
"World Games (B,S,L) - Birmingham (USA) 2022",Birmingham,USA
Asian Games - Hangzhou (CHN) 2022 - POSTPONED,Hangzhou,CHN
International Climbing Series - Studio Bloc Master - Pfungstadt (GER) 2023,Pfungstadt,GER
Promo Event - Delfts Bleau International Youth Open - Delft (NED) 2023,Delft,NED
International Climbing Series - Rock Master - Arco (ITA) 2023,Arco,ITA
International Climbing Series - Triglav The Rock - Ljubljana (SLO) 2023,Ljubljana,SLO
International Climbing Series - El-Capp Fest (B) - La Rochelle (FRA) 2023,La Rochelle,FRA
International Climbing Series - The Belt and Road (S) - Ningbo (CHN) 2023,Ningbo,CHN
NEOM IFSC Masters 2023,,
"IFSC Asian Cup Hong Kong, China 2023",China,
IFSC Asian Qualifier Jakarta 2023,,
IFSC Asian Cup Riyadh 2023,Riyadh,
IFSC Youth World Championships Seoul 2023,Seoul,
European Youth Cup (L) - Dornbirn (AUT) 2015,Dornbirn,AUT
European Youth Cup (L) - Imst (AUT) 2015,Imst,AUT
European Youth Cup (S) - Tarnow (POL) 2015,Tarnow,POL
"European Youth Championship (L, S) - Edinburgh (GBR) 2015",Edinburgh,GBR
European Youth Cup (B) - Laengenfeld (AUT) 2015,Laengenfeld,AUT
European Youth Championship (B) - L'Argentière la Bessée (FRA) 2015,L'Argentière la Bessée,FRA
European Youth Cup (L) - Mitterdorf (AUT) 2015,Mitterdorf,AUT
European Youth Cup (S) - Imst (AUT) 2015,Imst,AUT
IFSC South American Cup Curitiba 2023,Curitiba,
IFSC South American Cup Mar del Plata 2023,Mar del Plata,
IFSC Youth World Championships Guiyang 2024,Guiyang,
IFSC Oceania Qualifier Melbourne 2023,,
IFSC Asia - Continental Youth Cup (S) - Singapore (SGP) 2023,Singapore,SGP
"IFSC Asia - Continental Youth Championships (B, S, L, B&L) - Chongqing (CHN) 2023",Chongqing,CHN
"IFSC Asia - Asian K Championships (B, L, S) - Jamshedpur (IND) 2023",Jamshedpur,IND
IFSC African Qualifier Pretoria 2023,,
IFSC European Cup Tarnów 2023,Tarnów,
IFSC European Cup Chambéry 2023,Chambéry,
IFSC European Cup Liébana 2023,Liébana,
IFSC European Cup Loverval 2023,Loverval,
IFSC European Cup Innsbruck 2023,Innsbruck,
IFSC European Cup Žilina 2023,Žilina,
IFSC European Cup Bologna 2023,Bologna,
IFSC European Qualifier Rome 2023,,
IFSC European Qualifier Laval 2023,,
"IFSC - Climbing Youth World Championships (B,S,L) - Dallas (USA) 2022",Dallas,USA
IFSC - Paraclimbing World Cup (L) - Salt Lake City (USA) 2022,Salt Lake City,USA
IFSC - Paraclimbing World Cup (L) - Innsbruck (AUT) 2022,Innsbruck,AUT
IFSC - Paraclimbing Master - Imst (AUT) 2022,Imst,AUT
IFSC - Paraclimbing World Cup (L) - Villars (SUI) 2022,Villars,SUI
IFSC World Cup Keqiao 2024,Keqiao,
IFSC World Cup Wujiang 2024,Wujiang,
IFSC World Cup Salt Lake City 2024,Salt Lake City,
IFSC World Cup Innsbruck 2024,Innsbruck,
IFSC World Cup Chamonix 2024,Chamonix,
IFSC World Cup Briançon 2024,Briançon,
IFSC World Cup Koper 2024,Koper,
IFSC World Cup Prague 2024,Prague,
IFSC World Cup Seoul 2024,Seoul,
IFSC Paraclimbing World Cup Salt Lake City 2024,Salt Lake City,
IFSC Paraclimbing World Cup Innsbruck 2024,Innsbruck,
IFSC Paraclimbing European Championships Villars 2024,Villars,
IFSC Paraclimbing World Cup Arco 2024,Arco,
IFSC Asian Championships Tai'an 2024,Tai'an,
Olympic Qualifier Series Shanghai 2024,Shanghai,
Olympic Qualifier Series Budapest 2024,Budapest,
Olympic Games Paris 2024,Paris,
European Games Krakow-Malopolska 2023,Krakow-Malopolska,
Asian Games Hangzhou 2022,Hangzhou,
Pan American Games Santiago 2023,Santiago,
"European Youth Cup (L,S) - Voiron (FRA) 2018",Voiron,FRA
European Youth Cup (B) - Graz (AUT) 2018,Graz,AUT
European Youth Cup (B) - Soure (POR) 2018,Soure,POR
European Youth Cup (S) - Bologna (ITA) 2018,Bologna,ITA
"European Youth Championship (L, S) - Imst 2018",Imst,
European Youth Cup (B) - Delft (NED) 2018,Delft,NED
European Youth Cup (L) - Bruneck (ITA) 2018,Bruneck,ITA
European Youth Cup (S) - Mezzolombardo (ITA) 2018,Mezzolombardo,ITA
European Youth Cup (L) - Uster (SUI) 2018,Uster,SUI
European Youth Cup (L) - Munich (GER) 2018,Munich,GER
European Youth Cup (B) - Sofia (BUL) 2018,Sofia,BUL
European Youth Championships (B) - Brussels (BEL) 2018,Brussels,BEL
IFSC Climbing Worldcup (B) - Meiringen (SUI) 2017,Meiringen,SUI
"IFSC Climbing Worldcup (B,S) - Chongqing (CHN) 2017",Chongqing,CHN
"IFSC Climbing Worldcup (B,S) - Nanjing (CHN) 2017",Nanjing,CHN
"IFSC Climbing Worldcup (B) - Hachioji, Tokyo (JPN) 2017",Tokyo,JPN
IFSC Climbing Worldcup (B) - Vail (USA) 2017,Vail,USA
IFSC Climbing Worldcup (B) - Navi Mumbai (IND) 2017,Navi Mumbai,IND
"IFSC Climbing Worldcup (L,S) - Villars (SUI) 2017",Villars,SUI
IFSC Climbing Worldcup (L) - Chamonix (FRA) 2017,Chamonix,FRA
IFSC Climbing Worldcup (L) - Briançon (FRA) 2017,Briançon,FRA
IFSC Climbing Worldcup (B) - Munich (GER) 2017,Munich,GER
"IFSC Climbing Worldcup (L,S) - Arco (ITA) 2017",Arco,ITA
"IFSC Climbing Worldcup (L,S) - Edinburgh (GBR) 2017",Edinburgh,GBR
"IFSC Climbing Worldcup (L,S) - Wujiang (CHN) 2017",Wujiang,CHN
"IFSC Climbing Worldcup (L,S) - Xiamen (CHN) 2017",Xiamen,CHN
IFSC Climbing Worldcup (L) - Kranj (SLO) 2017,Kranj,SLO
IFSC Youth Asian Championships Guiyang 2025,Guiyang,
"IFSC Europe - Continental Youth Championships (B,S,L) - Perm (RUS)",Perm,RUS
IFSC Europe - Continental Youth Cup (B) - Graz (AUT) 2021,Graz,AUT
IFSC Europe - Continental Youth Cup (S) - Bochum (GER) 2021,Bochum,GER
"IFSC Europe - Continental Youth Cup (L,S) - Imst (AUT) 2021",Imst,AUT
IFSC Europe - Continental Youth Cup (L) - Ostermundigen (SUI),Ostermundigen,SUI
IFSC Europe - Continental Youth Cup (S) - Gaflenz (AUT),Gaflenz,AUT
"IFSC Europe - Continental Youth Cup (L,S) - Puurs (BEL) 2021",Puurs,BEL
IFSC Europe - Continental Youth Cup (L) - Veliko Tarnovo (BUL) 2021,Veliko Tarnovo,BUL
"IFSC Europe - Continental Youth Cup (L,S) - Zilina (SVK) 2021",Zilina,SVK
IFSC Europe - Continental Youth Cup (B) - Soure (POR) 2021,Soure,POR
Studio Bloc Masters 2024,Masters,
Delfts Bleau International Youth Open 2024,,
NEOM IFSC Masters 2024,,
IFSC Youth Asian Championships Jamshedpur 2024,Jamshedpur,
IFSC Youth European Cup Lublin 2024,Lublin,
IFSC Youth European Cup Curno 2024,Curno,
IFSC Youth European Cup Soure 2024,Soure,
IFSC Youth European Cup Graz 2024,Graz,
IFSC Youth European Cup Mezzolombardo 2024,Mezzolombardo,
IFSC Youth European Cup Dornbirn 2024,Dornbirn,
IFSC Youth European Cup Žilina 2024,Žilina,
IFSC Youth European Cup Ostermundigen 2024,Ostermundigen,
IFSC Youth European Championships Troyes 2024,Troyes,
IFSC Europe - Continental Cup (B) - Prague (CZE) 2022,Prague,CZE
IFSC Europe - Continental Cup (B) - Brixen (ITA) 2022,Brixen,ITA
IFSC Europe - Continental Cup (B) - Klagenfurt (AUT) 2022,Klagenfurt,AUT
"IFSC Europe - Continental Cup (L,S) - Tyumen (RUS) 2022 - CANCELLED",Tyumen,RUS
"IFSC Europe - Continental Cup (L,S) - Arco (ITA) 2022",Arco,ITA
IFSC Europe - Continental Cup (S) - Innsbruck (AUT) 2022,Innsbruck,AUT
"IFSC Europe - Continental Cup (L,S) - Žilina (SVK) 2022",Žilina,SVK
IFSC Europe - Continental Cup (S) - Mezzolombardo (ITA) 2022,Mezzolombardo,ITA
"IFSC Europe - Continental Championships (B,S,L) - Munich (GER) 2022",Munich,GER
IFSC Europe - Continental Cup (S) - Hamburg (GER) 2022,Hamburg,GER
IFSC Europe - Continental Cup (S) - Laval (FRA) 2022,Laval,FRA
FISU University Championships Koper 2024,Koper,
IFSC Madrid 4 Speed,,
IFSC Madrid Speed,,
IFSC Nations Grand Finale Fukuoka 2025,,
International Speed Master Meishan 2025,,
The World Games Chengdu 2025,Chengdu,
Central American Games,,
Bolivarian Games [CANCELLED],,
IFSC Asian Cup Hong Kong 2025,Hong Kong,
IFSC Asian Cup Almaty 2025,Almaty,
IFSC Oceania Championships Perth 2024,Perth,
IFSC Oceania Championships Sydney 2024,Sydney,
IFSC Oceania Cup Mount Maunganui 2025,Mount Maunganui,
IFSC Climbing Worldcup (B) - Meiringen (SUI) 2018,Meiringen,SUI
"IFSC Climbing Worldcup (B,S) - Moscow (RUS) 2018",Moscow,RUS
"IFSC Climbing Worldcup (B,S) - Chongqing (CHN) 2018",Chongqing,CHN
"IFSC Climbing Worldcup (B,S) - Tai'an (CHN) 2018",Tai'an,CHN
IFSC Climbing Worldcup (B) - Hachioji (JPN) 2018,Hachioji,JPN
IFSC Climbing Worldcup (B) - Vail (USA) 2018,Vail,USA
"IFSC Climbing Worldcup (L,S) - Villars (SUI) 2018",Villars,SUI
"IFSC Climbing Worldcup (L,S) - Chamonix (FRA) 2018",Chamonix,FRA
IFSC Climbing Worldcup (L) - Briançon (FRA) 2018,Briançon,FRA
"IFSC Climbing Worldcup (L,S) - Arco (ITA) 2018",Arco,ITA
IFSC Climbing Worldcup (B) - Munich (GER) 2018,Munich,GER
IFSC Climbing World Championships - Innsbruck (AUT) 2018,Innsbruck,AUT
IFSC Climbing World Championships Combined - Innsbruck (AUT) 2018,Innsbruck,AUT
IFSC Climbing Worldcup (L) - Kranj (SLO) 2018,Kranj,SLO
"IFSC Climbing Worldcup (L,S) - Wujiang (CHN) 2018",Wujiang,CHN
"IFSC Climbing Worldcup (L,S) - Xiamen (CHN) 2018",Xiamen,CHN
IFSC South America Cup Ibarra 2024,Ibarra,
IFSC Pan American Championships Santiago 2024,Santiago,
IFSC South America Cup Mar del Plata 2024,Mar del Plata,
IFSC South America Cup Curitiba 2024,Curitiba,
IFSC Climbing Worldcup (B) - Meiringen (SUI) 2019,Meiringen,SUI
"IFSC Climbing Worldcup (B,S) - Moscow (RUS) 2019",Moscow,RUS
"IFSC Climbing Worldcup (B,S) - Chongqing (CHN) 2019",Chongqing,CHN
"IFSC Climbing Worldcup (B,S) - Wujiang (CHN) 2019",Wujiang,CHN
IFSC Climbing Worldcup (B) - Munich (GER) 2019,Munich,GER
IFSC Climbing Worldcup (B) - Vail (USA) 2019,Vail,USA
"IFSC Climbing Worldcup (L, S) - Villars (SUI) 2019",Villars,SUI
"IFSC Climbing Worldcup (L, S) - Chamonix (FRA) 2019",Chamonix,FRA
IFSC Climbing Worldcup (L) - Briançon (FRA) 2019,Briançon,FRA
IFSC Climbing World Championships - Hachioji (JPN) 2019,Hachioji,JPN
IFSC Climbing World Championships Combined - Hachioji (JPN) 2019,Hachioji,JPN
IFSC Climbing Worldcup (L) - Kranj (SLO) 2019,Kranj,SLO
"IFSC Climbing Worldcup (L, S) - Xiamen (CHN) 2019",Xiamen,CHN
IFSC Climbing Worldcup (L) - Inzai (JPN) 2019,Inzai,JPN
IFSC Youth World Championships Helsinki 2025,Helsinki,
IFSC - Paraclimbing World Cup (L) - Innsbruck (AUT) 2021,Innsbruck,AUT
IFSC - Paraclimbing World Cup (L) - Briançon (FRA) 2021,Briançon,FRA
IFSC - Paraclimbing World Championships (L) - Moscow 2021,Moscow,
IFSC - Paraclimbing World Cup (L) - Los Angeles (USA) 2021,Los Angeles,USA
IFSC Europe - Continental Youth Cup (B) - Chambéry (FRA) 2022,Chambéry,FRA
IFSC Europe - Continental Youth Cup (B) - Soure (POR) 2022,Soure,POR
"IFSC Europe - Continental Youth Cup (L,S) - Imst (AUT) 2022",Imst,AUT
IFSC Europe - Continental Youth Cup (L) - Ostermundigen (SUI) 2022,Ostermundigen,SUI
IFSC Europe - Continental Youth Cup (L) - Dornbirn (AUT) 2022,Dornbirn,AUT
"IFSC Europe - Continental Youth Championship (L,S) - Augsburg (GER) 2022",Augsburg,GER
IFSC Europe - Continental Youth Cup (S) - Mezzolombardo (ITA) 2022,Mezzolombardo,ITA
IFSC Europe - Continental Youth Championship (B) - Graz (AUT) 2022,Graz,AUT
"IFSC Europe - Continental Youth Cup (L,S,B) - Kaliningrad (RUS) 2022 - CANCELLED",Kaliningrad,RUS
IFSC Para Climbing World Cup Salt Lake City 2025,Salt Lake City,
IFSC Para Climbing World Cup Innsbruck 2025,Innsbruck,
IFSC Para Climbing World Championships Seoul 2025,Seoul,
IFSC Para Climbing Master Fukuoka 2025,Fukuoka,
IFSC Para Climbing World Cup Laval 2025,Laval,
IFSC - Climbing World Cup (B) - Meiringen (SUI) 2022,Meiringen,SUI
"IFSC - Climbing World Cup (B,S) - Seoul (KOR) 2022",Seoul,KOR
"IFSC - Climbing World Cup (B,S) - Salt Lake City (USA) 2022",Salt Lake City,USA
"IFSC - Climbing World Cup (B,S) - Salt Lake City (USA) 2022",Salt Lake City,USA
IFSC - Climbing World Cup (B) - Brixen (ITA) 2022,Brixen,ITA
"IFSC - Climbing World Cup (B,L) - Innsbruck (AUT) 2022",Innsbruck,AUT
"IFSC - Climbing World Cup (L,S) - Villars (SUI) 2022",Villars,SUI
"IFSC - Climbing World Cup (L,S) - Chamonix (FRA) 2022",Chamonix,FRA
IFSC - Climbing World Cup (L) - Briançon (FRA) 2022,Briançon,FRA
IFSC - Climbing World Cup (L) - Koper (SLO) 2022,Koper,SLO
"IFSC - Climbing World Cup (L,S) - Edinburgh (GBR) 2022",Edinburgh,GBR
"IFSC - Climbing World Cup (L,S) - Jakarta (INA) 2022",Jakarta,INA
"IFSC - Climbing World Cup (B&L) - Morioka, Iwate (JPN) 2022",Iwate,JPN
IFSC Youth European Cup Soure 2025,Soure,
IFSC Youth European Cup Graz 2025,Graz,
IFSC Youth European Championships Curno 2025,Curno,
IFSC Youth European Cup Molde 2025,Molde,
IFSC Youth European Cup Mezzolombardo 2025,Mezzolombardo,
IFSC Youth European Cup Sukoró 2025,Sukoró,
IFSC Youth European Cup Zakopane 2025,Zakopane,
IFSC Youth European Cup Bologna 2025,Bologna,
IFSC Youth European Cup St. Pölten 2025,St. Pölten,
IFSC Youth European Championships Žilina 2025,Žilina,
IFSC Youth European Cup Imst 2025,Imst,
IFSC Youth European Cup Laval 2025,Laval,
IFSC Youth European Cup Toulouse-Tournefeuille 2025,Toulouse-Tournefeuille,
European Youth Cup (B) - Soure (POR) 2019,Soure,POR
European Youth Cup (B) - Graz (AUT) 2019,Graz,AUT
European Youth Cup (S) - Mezzolombardo (ITA) 2019,Mezzolombardo,ITA
European Youth Cup (B) - Sofia (BUL) 2019,Sofia,BUL
European Youth Cup (L) - Ostermundigen (SUI) 2019,Ostermundigen,SUI
European Youth Cup (L) - St. Pierre Faucigny (FRA) 2019,St. Pierre Faucigny,FRA
European Youth Cup (S) - Tarnow (POL) 2019,Tarnow,POL
"European Youth Cup (S,L) - Imst (AUT) 2019",Imst,AUT
European Youth Championships (B) - Brixen (ITA) 2019,Brixen,ITA
"European Youth Championships (L,S) - Voronezh (RUS) 2019",Voronezh,RUS
IFSC Europe - Continental Youth Cup (S) - Tarnów (POL) 2023,Tarnów,POL
IFSC Europe - Continental Youth Cup (B) - Soure (POR) 2023,Soure,POR
IFSC Europe - Continental Youth Cup (B) - Kaunas (LTU) 2023,Kaunas,LTU
IFSC Europe - Continental Youth Cup (B) - Graz (AUT) 2023,Graz,AUT
"IFSC Europe - Continental Youth Championship (B,S) - Duisburg (GER) 2023",Duisburg,GER
IFSC Europe - Continental Youth Cup (L) - Niederwangen (SUI) 2023,Niederwangen,SUI
IFSC Europe - Continental Youth Cup (L) - St. Pierre en Faucigny (FRA) 2023,St. Pierre en Faucigny,FRA
"IFSC Europe - Continental Youth Cup (L,S) - Imst (AUT) 2023",Imst,AUT
IFSC Europe - Youth Championship - Helsinki (FIN) 2023,Helsinki,FIN
IFSC Europe - Continental Youth Cup (S) - Hamburg (GER) 2023,Hamburg,GER
European Youth Cup (B) - Graz (AUT) 2017,Graz,AUT
European Youth Cup (S) - Tarnow (POL) 2017,Tarnow,POL
European Youth Cup (B) - Soure (POR) 2017,Soure,POR
European Youth Cup (L) - Imst (AUT) 2017,Imst,AUT
European Youth Cup (L) - Dornbirn (AUT) 2017,Dornbirn,AUT
European Youth Cup (S) - Bologna (ITA) 2017,Bologna,ITA
European Youth Cup (L) - Uster (SUI) 2017,Uster,SUI
European Youth Cup (B) - L'Argentière (FRA) 2017,L'Argentière,FRA
European Youth Cup (B) - Sofia (BUL) 2017,Sofia,BUL
European Youth Cup (L) - Mitterdorf (AUT) 2017,Mitterdorf,AUT
European Youth Cup (S) - Imst (AUT) 2017,Imst,AUT
European Youth Championships (B) - Slany (CZE) 2017,Slany,CZE
"European Youth Championships (L,S) - Perm (RUS) 2017",Perm,RUS
European Youth Championship Combined (Youth A) - Saint-Etienne (FRA) 2017,Saint-Etienne,FRA
IFSC Pan American Cup Santiago 2025 [CANCELLED],Santiago,
IFSC Pan American Cup Armenia 2025,Armenia,
IFSC Paraclimbing World Cup Salt Lake City 2023,Salt Lake City,
IFSC Paraclimbing World Cup Innsbruck 2023,Innsbruck,
IFSC Paraclimbing World Cup Villars 2023,Villars,
IFSC Paraclimbing World Championships Bern 2023,Bern,
IFSC European Cup Lublin 2024,Lublin,
IFSC European Cup Klagenfurt 2024,Klagenfurt,
IFSC European Cup Mezzolombardo 2024,Mezzolombardo,
IFSC European Cup Augsburg 2024,Augsburg,
IFSC European Cup Innsbruck 2024,Innsbruck,
IFSC European Championships Villars 2024,Villars,
IFSC European Cup Casalecchio di Reno 2024,Casalecchio di Reno,
IFSC European Cup Genova 2024,Genova,
IFSC World Cup Hachioji 2023,Hachioji,
IFSC World Cup Seoul 2023,Seoul,
IFSC World Cup Jakarta 2023,Jakarta,
IFSC World Cup Salt Lake City 2023,Salt Lake City,
IFSC World Cup Prague 2023,Prague,
IFSC World Cup Brixen 2023,Brixen,
IFSC World Cup Innsbruck 2023,Innsbruck,
IFSC World Cup Villars 2023,Villars,
IFSC World Cup Chamonix 2023,Chamonix,
IFSC World Cup Briançon 2023,Briançon,
IFSC World Championships Bern 2023,Bern,
IFSC World Cup Koper 2023,Koper,
IFSC World Cup Wujiang 2023,Wujiang,
IFSC European Cup Munich 2025,Munich,
IFSC European Cup Rome 2025,Rome,
IFSC European Cup Brussels 2025,Brussels,
IFSC European Cup Mezzolombardo 2025,Mezzolombardo,
IFSC European Cup Zakopane 2025,Zakopane,
IFSC European Cup Campitello di Fassa 2025,Campitello di Fassa,
IFSC European Cup Ostermundigen 2025,Ostermundigen,
IFSC European Cup Soure 2025 [CANCELLED],Soure,
IFSC European Cup St. Pölten 2025,St. Pölten,
IFSC European Cup Hamburg 2025,Hamburg,
IFSC European Cup Laval 2025,Laval,
IFSC European Cup Toulouse-Tournefeuille 2025,Toulouse-Tournefeuille,
IFSC World Cup Keqiao 2025,Keqiao,
IFSC World Cup Wujiang 2025,Wujiang,
IFSC World Cup Bali 2025,Bali,
IFSC World Cup Curitiba 2025,Curitiba,
IFSC World Cup Salt Lake City 2025,Salt Lake City,
IFSC World Cup Denver 2025,Denver,
IFSC World Cup Prague 2025,Prague,
IFSC World Cup Bern 2025,Bern,
IFSC World Cup Innsbruck 2025,Innsbruck,
IFSC World Cup Krakow 2025,Krakow,
IFSC World Cup Chamonix 2025,Chamonix,
IFSC World Cup Comunidad de Madrid 2025,Comunidad de Madrid,
IFSC World Cup Koper 2025,Koper,
IFSC World Cup Guiyang 2025,Guiyang,
IFSC World Championships Seoul 2025,Seoul,
